"OriginalRelativePath","TargetRelativePath","Category","Length","SHA256"
"_backup\lesson2_formal_before_imagegen_20260826-201024\00_舊版14-17備份_manifest.json","02_第2節\_history\backups\lesson2_formal_before_imagegen_20260826-201024\00_舊版14-17備份_manifest.json","lesson2","6269","CFB199ED9F945278EE9959CF2B310DE9BE580E906DF45AEC51C0F8DAE48798A6"
"_backup\lesson2_formal_before_imagegen_20260826-201024\14_扇形車庫_第2節正式教材_學生版_20260826.pdf","02_第2節\_history\backups\lesson2_formal_before_imagegen_20260826-201024\14_扇形車庫_第2節正式教材_學生版_20260826.pdf","lesson2","3538976","8C755B7C29E5E6111C528119D5BE8498CBFD47A22CAB2D78FA9BC15E49424516"
"_backup\lesson2_formal_before_imagegen_20260826-201024\15_扇形車庫_第2節正式教材_教師答案版_20260826.pdf","02_第2節\_history\backups\lesson2_formal_before_imagegen_20260826-201024\15_扇形車庫_第2節正式教材_教師答案版_20260826.pdf","lesson2","3664255","88B6301ABCD0D59F481E0CA21CEBE34235126F551F51710604F6BCD1DC124D33"
"_backup\lesson2_formal_before_imagegen_20260826-201024\16_扇形車庫_第2節正式教材圖檔_20260826\_assets\火車小偵探_01_clock.png","02_第2節\_history\backups\lesson2_formal_before_imagegen_20260826-201024\16_扇形車庫_第2節正式教材圖檔_20260826\_assets\火車小偵探_01_clock.png","lesson2","258961","FABC49CF5A8C9D13890EC1322F8EBF1CAF7BB91460BCFC48BB337BF35F16F446"
"_backup\lesson2_formal_before_imagegen_20260826-201024\16_扇形車庫_第2節正式教材圖檔_20260826\_assets\火車小偵探_02_link.png","02_第2節\_history\backups\lesson2_formal_before_imagegen_20260826-201024\16_扇形車庫_第2節正式教材圖檔_20260826\_assets\火車小偵探_02_link.png","lesson2","232738","F2B23F4EB990B1A64F695806403179AC76D7CDDF558F05272143EE7B82826094"
"_backup\lesson2_formal_before_imagegen_20260826-201024\16_扇形車庫_第2節正式教材圖檔_20260826\_assets\火車小偵探_03_palette.png","02_第2節\_history\backups\lesson2_formal_before_imagegen_20260826-201024\16_扇形車庫_第2節正式教材圖檔_20260826\_assets\火車小偵探_03_palette.png","lesson2","251055","C659C64515A705A85A211CC9C16F24763F36BB64A70E3EBE1C116A88FDF6A881"
"_backup\lesson2_formal_before_imagegen_20260826-201024\16_扇形車庫_第2節正式教材圖檔_20260826\_assets\火車小偵探_04_pin.png","02_第2節\_history\backups\lesson2_formal_before_imagegen_20260826-201024\16_扇形車庫_第2節正式教材圖檔_20260826\_assets\火車小偵探_04_pin.png","lesson2","236771","8734E8D6774EA0FF214FE588728147CDA71670EFA60096AC4B108A50F4AD2CD3"
"_backup\lesson2_formal_before_imagegen_20260826-201024\16_扇形車庫_第2節正式教材圖檔_20260826\_assets\火車小偵探_05_gear.png","02_第2節\_history\backups\lesson2_formal_before_imagegen_20260826-201024\16_扇形車庫_第2節正式教材圖檔_20260826\_assets\火車小偵探_05_gear.png","lesson2","249605","D79913D452170FBC19349A128C8A78640B417BD2AC7F0A4BE397742C592224E1"
"_backup\lesson2_formal_before_imagegen_20260826-201024\16_扇形車庫_第2節正式教材圖檔_20260826\_assets\火車小偵探_06_mic.png","02_第2節\_history\backups\lesson2_formal_before_imagegen_20260826-201024\16_扇形車庫_第2節正式教材圖檔_20260826\_assets\火車小偵探_06_mic.png","lesson2","235864","A014B33458CEF04681966CA3C39ECB7C06AF23F312EDEAA6ECF4766728C5F580"
"_backup\lesson2_formal_before_imagegen_20260826-201024\16_扇形車庫_第2節正式教材圖檔_20260826\00_教材清冊與列印說明.md","02_第2節\_history\backups\lesson2_formal_before_imagegen_20260826-201024\16_扇形車庫_第2節正式教材圖檔_20260826\00_教材清冊與列印說明.md","lesson2","3110","78A9EE9F6A5382A6A1A47B0B4E616F21C4D7D718B86A8571463EFE39E27A3179"
"_backup\lesson2_formal_before_imagegen_20260826-201024\16_扇形車庫_第2節正式教材圖檔_20260826\01_教師答案版_A4直式_個人解密單.png","02_第2節\_history\backups\lesson2_formal_before_imagegen_20260826-201024\16_扇形車庫_第2節正式教材圖檔_20260826\01_教師答案版_A4直式_個人解密單.png","lesson2","613481","38014299A721422411A46D54E7C2667D9563033FBA9AE0830DE2537C75017001"
"_backup\lesson2_formal_before_imagegen_20260826-201024\16_扇形車庫_第2節正式教材圖檔_20260826\01_學生版_A4直式_個人解密單.png","02_第2節\_history\backups\lesson2_formal_before_imagegen_20260826-201024\16_扇形車庫_第2節正式教材圖檔_20260826\01_學生版_A4直式_個人解密單.png","lesson2","604977","C364EA57F5C399D6B1DB1AA5F6470107CE9EE8787933C48FC817158D17DD6F3A"
"_backup\lesson2_formal_before_imagegen_20260826-201024\16_扇形車庫_第2節正式教材圖檔_20260826\02_教師答案版_A5直式_四色圖例卡.png","02_第2節\_history\backups\lesson2_formal_before_imagegen_20260826-201024\16_扇形車庫_第2節正式教材圖檔_20260826\02_教師答案版_A5直式_四色圖例卡.png","lesson2","163871","F976FCFA55E03D63E21E5615BF7212EB8FF36E0911B75AFD0BB9C1C9CD31933B"
"_backup\lesson2_formal_before_imagegen_20260826-201024\16_扇形車庫_第2節正式教材圖檔_20260826\02_學生版_A5直式_四色圖例卡.png","02_第2節\_history\backups\lesson2_formal_before_imagegen_20260826-201024\16_扇形車庫_第2節正式教材圖檔_20260826\02_學生版_A5直式_四色圖例卡.png","lesson2","161821","DE7904BCE3AE31472B3ED2DABB7AC0EDAEF4D51997864A7A59F3461236366766"
"_backup\lesson2_formal_before_imagegen_20260826-201024\16_扇形車庫_第2節正式教材圖檔_20260826\03_教師答案版_A6直式_三格出口票.png","02_第2節\_history\backups\lesson2_formal_before_imagegen_20260826-201024\16_扇形車庫_第2節正式教材圖檔_20260826\03_教師答案版_A6直式_三格出口票.png","lesson2","114839","995E46206370EA6890FCABD767222703FFC07B922349BE60DC1497045B05D736"
"_backup\lesson2_formal_before_imagegen_20260826-201024\16_扇形車庫_第2節正式教材圖檔_20260826\03_學生版_A6直式_三格出口票.png","02_第2節\_history\backups\lesson2_formal_before_imagegen_20260826-201024\16_扇形車庫_第2節正式教材圖檔_20260826\03_學生版_A6直式_三格出口票.png","lesson2","108481","78486CBB3EDB8E3FDA8EF88536EF090CE627083A9494EA99168BDE8C13B3D501"
"_backup\lesson2_formal_before_imagegen_20260826-201024\16_扇形車庫_第2節正式教材圖檔_20260826\04_教師答案版_A4橫式_何時構件功能三格圖示板.png","02_第2節\_history\backups\lesson2_formal_before_imagegen_20260826-201024\16_扇形車庫_第2節正式教材圖檔_20260826\04_教師答案版_A4橫式_何時構件功能三格圖示板.png","lesson2","255615","DF21E6246D054F87CAD1DF615AC003C2994922AD9AD9DDDF8974C4AE7DB30546"
"_backup\lesson2_formal_before_imagegen_20260826-201024\16_扇形車庫_第2節正式教材圖檔_20260826\04_學生版_A4橫式_何時構件功能三格圖示板.png","02_第2節\_history\backups\lesson2_formal_before_imagegen_20260826-201024\16_扇形車庫_第2節正式教材圖檔_20260826\04_學生版_A4橫式_何時構件功能三格圖示板.png","lesson2","198984","E37A69AC4B53A3AB6BB98175D5E4DB1834C913A91F947C3247AC3430C923B62D"
"_backup\lesson2_formal_before_imagegen_20260826-201024\16_扇形車庫_第2節正式教材圖檔_20260826\05_教師答案版_A4直式_8張中文資料句條.png","02_第2節\_history\backups\lesson2_formal_before_imagegen_20260826-201024\16_扇形車庫_第2節正式教材圖檔_20260826\05_教師答案版_A4直式_8張中文資料句條.png","lesson2","816027","5C392CA3829F156D2976744221AABC1292F83B89588A9335C358DB7745ECDCBE"
"_backup\lesson2_formal_before_imagegen_20260826-201024\16_扇形車庫_第2節正式教材圖檔_20260826\05_學生版_A4直式_8張中文資料句條.png","02_第2節\_history\backups\lesson2_formal_before_imagegen_20260826-201024\16_扇形車庫_第2節正式教材圖檔_20260826\05_學生版_A4直式_8張中文資料句條.png","lesson2","815350","FBDAE4EA533803342174CD8F279A2ADDA7085A3C89A1334E4C0D5CA02AF86D3F"
"_backup\lesson2_formal_before_imagegen_20260826-201024\16_扇形車庫_第2節正式教材圖檔_20260826\06_教師答案版_A5直式_4張英文句型卡.png","02_第2節\_history\backups\lesson2_formal_before_imagegen_20260826-201024\16_扇形車庫_第2節正式教材圖檔_20260826\06_教師答案版_A5直式_4張英文句型卡.png","lesson2","470510","C38D7BF0710E2E02FB51F78139A9AD740B73050FEE816798BC5BBBC88D830F63"
"_backup\lesson2_formal_before_imagegen_20260826-201024\16_扇形車庫_第2節正式教材圖檔_20260826\06_學生版_A5直式_4張英文句型卡.png","02_第2節\_history\backups\lesson2_formal_before_imagegen_20260826-201024\16_扇形車庫_第2節正式教材圖檔_20260826\06_學生版_A5直式_4張英文句型卡.png","lesson2","462215","FC895063C6F646335901203C1178EA43E30C90BE55BFCA8F77862CA306E3C968"
"_backup\lesson2_formal_before_imagegen_20260826-201024\16_扇形車庫_第2節正式教材圖檔_20260826\07_教師答案版_A5直式_30秒導覽順序卡.png","02_第2節\_history\backups\lesson2_formal_before_imagegen_20260826-201024\16_扇形車庫_第2節正式教材圖檔_20260826\07_教師答案版_A5直式_30秒導覽順序卡.png","lesson2","177525","8A852C2B808164788035CC493C1DF94150B01D304879DB951CBA98E421CC2E40"
"_backup\lesson2_formal_before_imagegen_20260826-201024\16_扇形車庫_第2節正式教材圖檔_20260826\07_學生版_A5直式_30秒導覽順序卡.png","02_第2節\_history\backups\lesson2_formal_before_imagegen_20260826-201024\16_扇形車庫_第2節正式教材圖檔_20260826\07_學生版_A5直式_30秒導覽順序卡.png","lesson2","148722","010DA07F69EA6B75F6BC2D868F5D84626B65EBE5BB61608FA8E4D6E6D952117D"
"_backup\lesson2_formal_before_imagegen_20260826-201024\16_扇形車庫_第2節正式教材圖檔_20260826\08_火車小偵探_風格3_六姿勢母版.png","02_第2節\_history\backups\lesson2_formal_before_imagegen_20260826-201024\16_扇形車庫_第2節正式教材圖檔_20260826\08_火車小偵探_風格3_六姿勢母版.png","lesson2","1693383","B3529123713E895987CF13EBEF522B68238331CE343D23AE6B71048841902E28"
"_backup\lesson2_formal_before_imagegen_20260826-201024\17_扇形車庫_第2節正式教材_教師確認與製作QA紀錄_20260826.md","02_第2節\_history\backups\lesson2_formal_before_imagegen_20260826-201024\17_扇形車庫_第2節正式教材_教師確認與製作QA紀錄_20260826.md","lesson2","5706","60257B29603D866DC97E9A82332C835559ED12BE38523583B608AB4C4CD29D55"
"_qa\lesson2_formal_materials\教師答案版_7頁灰階接觸表.png","02_第2節\_qa\lesson2_formal_materials\教師答案版_7頁灰階接觸表.png","lesson2","772615","237246A2B97DC3D474DA07DD74D9E2778DC77267CE837BF0442C18705C1D86CE"
"_qa\lesson2_formal_materials\教師答案版_7頁彩色接觸表.png","02_第2節\_qa\lesson2_formal_materials\教師答案版_7頁彩色接觸表.png","lesson2","894463","88E9C5861D70E52BF2B2574760EF0437F58DAA5D0C77904B94AE63528E333001"
"_qa\lesson2_formal_materials\學生版_7頁灰階接觸表.png","02_第2節\_qa\lesson2_formal_materials\學生版_7頁灰階接觸表.png","lesson2","731866","2B0674A739EC667F6FC9E63CD5A03321CD9BF2545FF4570E0A4ABF40512D9C54"
"_qa\lesson2_formal_materials\學生版_7頁彩色接觸表.png","02_第2節\_qa\lesson2_formal_materials\學生版_7頁彩色接觸表.png","lesson2","848437","2603B47231D63837AB7BD0311535205AB45B03B034F913C8772B0117ED378B6E"
"_qa\lesson2_formal_materials\lesson2_formal_materials_manifest.json","02_第2節\_qa\lesson2_formal_materials\lesson2_formal_materials_manifest.json","lesson2","8905","F605931976A9FA70A981EF78BF48D16788651397BF81EF54EEEA30E3FED824B0"
"_qa\lesson2_formal_materials\render_student\student-1.png","02_第2節\_qa\lesson2_formal_materials\render_student\student-1.png","lesson2","239809","8DB5EB607E5B99FB28D78E1A607F6AB313E22AEA20210C5EAFD090060034248A"
"_qa\lesson2_formal_materials\render_student\student-2.png","02_第2節\_qa\lesson2_formal_materials\render_student\student-2.png","lesson2","86455","39FB6DBCD99EBF4C8A5EF9772E1492EC75AFE6D75C3F0CA1116FF423CA112FDA"
"_qa\lesson2_formal_materials\render_student\student-3.png","02_第2節\_qa\lesson2_formal_materials\render_student\student-3.png","lesson2","56245","95027E693C9E36FC847C59D495A8932760B6C1ACD208C0E5ADFE56DE685BC2D2"
"_qa\lesson2_formal_materials\render_student\student-4.png","02_第2節\_qa\lesson2_formal_materials\render_student\student-4.png","lesson2","104470","2353A6F516C55D9889BF09360EA0F9E116114E079AD1F180FDDB58BF9E42CD36"
"_qa\lesson2_formal_materials\render_student\student-5.png","02_第2節\_qa\lesson2_formal_materials\render_student\student-5.png","lesson2","305471","E447AA8617966272C35444F7A353B8844FD8DD2437E5B9A674587C346747C62B"
"_qa\lesson2_formal_materials\render_student\student-6.png","02_第2節\_qa\lesson2_formal_materials\render_student\student-6.png","lesson2","129648","2E52CA86DC7AA560FAFDC45D426FC5FFB9B4E7FBCD1BB559DA9630E7AE6040EE"
"_qa\lesson2_formal_materials\render_student\student-7.png","02_第2節\_qa\lesson2_formal_materials\render_student\student-7.png","lesson2","78908","0027A91D2D9ADB75D002FF17F27F0944EDD32B57D8BA54323BDD991E4267596B"
"_qa\lesson2_formal_materials\render_teacher\teacher-1.png","02_第2節\_qa\lesson2_formal_materials\render_teacher\teacher-1.png","lesson2","246015","FC5461CC8C43DB18EBB8C7F8B47016A646F3BEAE4C4F775D17C0B4A71650B8C8"
"_qa\lesson2_formal_materials\render_teacher\teacher-2.png","02_第2節\_qa\lesson2_formal_materials\render_teacher\teacher-2.png","lesson2","87398","50CF0445C90E2D2A8B500DE6EF3A3E7733C13A2BD6651EC8D38B84334434229A"
"_qa\lesson2_formal_materials\render_teacher\teacher-3.png","02_第2節\_qa\lesson2_formal_materials\render_teacher\teacher-3.png","lesson2","59770","A11060CF4EBD9E46AED9A516B57DDA5B773B0A05E28CDC345CD46B45DCB6C37F"
"_qa\lesson2_formal_materials\render_teacher\teacher-4.png","02_第2節\_qa\lesson2_formal_materials\render_teacher\teacher-4.png","lesson2","130573","918E4454D7512EEE97329920B8D0392D1FA38632B9D9D9C3DB7D0BE9DF7093BE"
"_qa\lesson2_formal_materials\render_teacher\teacher-5.png","02_第2節\_qa\lesson2_formal_materials\render_teacher\teacher-5.png","lesson2","307183","ECAA7DBBA6A2D42E24A6250AB7C0584DD0BAA290387A559C65C2B3AD95656318"
"_qa\lesson2_formal_materials\render_teacher\teacher-6.png","02_第2節\_qa\lesson2_formal_materials\render_teacher\teacher-6.png","lesson2","133165","E24184CEF0EB57E1EEB5AA9392FC4264C25708FE515C5F52AF3FE6035D5CEAE8"
"_qa\lesson2_formal_materials\render_teacher\teacher-7.png","02_第2節\_qa\lesson2_formal_materials\render_teacher\teacher-7.png","lesson2","92799","2E157AA9E62B7ACD9CA9ACC189E468FC1D978F1D5A072B0523489F5DEC71912E"
"_staging\lesson2_formal_imagegen_20260826\06_ImageGen與覆排修復追溯_20260826.md","02_第2節\_work\staging\lesson2_formal_imagegen_20260826\06_ImageGen與覆排修復追溯_20260826.md","lesson2","9696","F391679E425152EEC189E2F30E08444617E1E3108FED792CF76EDAAAC0A22F35"
"_staging\lesson2_formal_imagegen_20260826\07_正式封裝_manifest.json","02_第2節\_work\staging\lesson2_formal_imagegen_20260826\07_正式封裝_manifest.json","lesson2","3145","3445A222D7E9634BBB16265DD9D678400B2602D62B76223FEDE994E123AD917E"
"_staging\lesson2_formal_imagegen_20260826\08_14至17正式交易式換版_manifest.json","02_第2節\_work\staging\lesson2_formal_imagegen_20260826\08_14至17正式交易式換版_manifest.json","lesson2","17113","183615B2B40DA6A99485898BB0A0202A2FE9F2F51F19CF58A8A8806AECEA59F9"
"_staging\lesson2_formal_imagegen_20260826\09_GDrive第14號二次讀回修復_manifest.json","02_第2節\_work\staging\lesson2_formal_imagegen_20260826\09_GDrive第14號二次讀回修復_manifest.json","lesson2","1339","DDE88A02E66D0E4096E34780DB2203E8B5EADF0D4E8F554455868A840ADE1C6C"
"_staging\lesson2_formal_imagegen_20260826\10_正式14至17最終讀回_manifest.json","02_第2節\_work\staging\lesson2_formal_imagegen_20260826\10_正式14至17最終讀回_manifest.json","lesson2","17560","BD7E3048077A6B00671E0E9189B82567A4B66C6789232EBF5F1A33BD1D453039"
"_staging\lesson2_formal_imagegen_20260826\failed_attempts\覆排嘗試2_未採用_資料句與第3題遮擋\01_學生版_7頁彩色接觸表.png","02_第2節\_work\staging\lesson2_formal_imagegen_20260826\failed_attempts\覆排嘗試2_未採用_資料句與第3題遮擋\01_學生版_7頁彩色接觸表.png","lesson2","1979154","007C1C59CE716DEE91041FC4C800E36EF31B44AEB5D786D9AF2406FD08C6091A"
"_staging\lesson2_formal_imagegen_20260826\failed_attempts\覆排嘗試2_未採用_資料句與第3題遮擋\03_教師答案版_7頁彩色接觸表.png","02_第2節\_work\staging\lesson2_formal_imagegen_20260826\failed_attempts\覆排嘗試2_未採用_資料句與第3題遮擋\03_教師答案版_7頁彩色接觸表.png","lesson2","1991261","A1FB8AE54E3783974A5C7893171ECFE655046279698F0B4E65F54932B3EBC8B9"
"_staging\lesson2_formal_imagegen_20260826\failed_attempts\覆排嘗試2_未採用_資料句與第3題遮擋\05_第2節ImageGen整批頁面_manifest.json","02_第2節\_work\staging\lesson2_formal_imagegen_20260826\failed_attempts\覆排嘗試2_未採用_資料句與第3題遮擋\05_第2節ImageGen整批頁面_manifest.json","lesson2","68097","C14DEF9421CF8C6FB651AA4B32B24ABC6A9FD73AD776621B93C5197766377AA8"
"_staging\lesson2_formal_imagegen_20260826\failed_attempts\覆排嘗試2_未採用_資料句與第3題遮擋\pages\教師答案版\01_教師答案版_A4直式_個人解密單.png","02_第2節\_work\staging\lesson2_formal_imagegen_20260826\failed_attempts\覆排嘗試2_未採用_資料句與第3題遮擋\pages\教師答案版\01_教師答案版_A4直式_個人解密單.png","lesson2","5631223","38C65F9A745788B9A778342EA480A00A52CCA2CE184ECF5E677812A2E40B3BDB"
"_staging\lesson2_formal_imagegen_20260826\failed_attempts\覆排嘗試2_未採用_資料句與第3題遮擋\pages\教師答案版\02_教師答案版_A5直式_四色圖例卡.png","02_第2節\_work\staging\lesson2_formal_imagegen_20260826\failed_attempts\覆排嘗試2_未採用_資料句與第3題遮擋\pages\教師答案版\02_教師答案版_A5直式_四色圖例卡.png","lesson2","4699066","D7A7285632EA5F77F23CF2F87FAEB8D019140090B6EC7C7C6DB70C253D0741E9"
"_staging\lesson2_formal_imagegen_20260826\failed_attempts\覆排嘗試2_未採用_資料句與第3題遮擋\pages\教師答案版\03_教師答案版_A6直式_三格出口票.png","02_第2節\_work\staging\lesson2_formal_imagegen_20260826\failed_attempts\覆排嘗試2_未採用_資料句與第3題遮擋\pages\教師答案版\03_教師答案版_A6直式_三格出口票.png","lesson2","2739179","71DE049E80D7758212C46AF0EA2008981800AD6000B0B35EDF0112A1DD9AD5A9"
"_staging\lesson2_formal_imagegen_20260826\failed_attempts\覆排嘗試2_未採用_資料句與第3題遮擋\pages\教師答案版\04_教師答案版_A4橫式_何時構件功能三格圖示板.png","02_第2節\_work\staging\lesson2_formal_imagegen_20260826\failed_attempts\覆排嘗試2_未採用_資料句與第3題遮擋\pages\教師答案版\04_教師答案版_A4橫式_何時構件功能三格圖示板.png","lesson2","7625969","7DA8DD8A6E4266B08ACFE052BF3FD161439587E07C88424923BB02314784EE8D"
"_staging\lesson2_formal_imagegen_20260826\failed_attempts\覆排嘗試2_未採用_資料句與第3題遮擋\pages\教師答案版\05_教師答案版_A4直式_8張中文資料句條.png","02_第2節\_work\staging\lesson2_formal_imagegen_20260826\failed_attempts\覆排嘗試2_未採用_資料句與第3題遮擋\pages\教師答案版\05_教師答案版_A4直式_8張中文資料句條.png","lesson2","6684235","548B4BF20EFBBFE87FA535E9CB9409C6935C7FD7315BA046AC5EC422211630EF"
"_staging\lesson2_formal_imagegen_20260826\failed_attempts\覆排嘗試2_未採用_資料句與第3題遮擋\pages\教師答案版\06_教師答案版_A5直式_4張英文句型卡.png","02_第2節\_work\staging\lesson2_formal_imagegen_20260826\failed_attempts\覆排嘗試2_未採用_資料句與第3題遮擋\pages\教師答案版\06_教師答案版_A5直式_4張英文句型卡.png","lesson2","3720968","6E4A0B5DF5746D102DA44EB5DE1B40B6D6610E79359885F3827F070158183066"
"_staging\lesson2_formal_imagegen_20260826\failed_attempts\覆排嘗試2_未採用_資料句與第3題遮擋\pages\教師答案版\07_教師答案版_A5直式_30秒導覽順序卡.png","02_第2節\_work\staging\lesson2_formal_imagegen_20260826\failed_attempts\覆排嘗試2_未採用_資料句與第3題遮擋\pages\教師答案版\07_教師答案版_A5直式_30秒導覽順序卡.png","lesson2","5534012","A27052AC014DECE9C47C6C0578D40221649F39BDBE8B4E51D3978D7DE44F651E"
"_staging\lesson2_formal_imagegen_20260826\failed_attempts\覆排嘗試2_未採用_資料句與第3題遮擋\pages\學生版\01_學生版_A4直式_個人解密單.png","02_第2節\_work\staging\lesson2_formal_imagegen_20260826\failed_attempts\覆排嘗試2_未採用_資料句與第3題遮擋\pages\學生版\01_學生版_A4直式_個人解密單.png","lesson2","5938301","A9A69951D582F0ED0E63BFD60003173E5EC2B9AD4253B75B12A59E536C5CE5E4"
"_staging\lesson2_formal_imagegen_20260826\failed_attempts\覆排嘗試2_未採用_資料句與第3題遮擋\pages\學生版\02_學生版_A5直式_四色圖例卡.png","02_第2節\_work\staging\lesson2_formal_imagegen_20260826\failed_attempts\覆排嘗試2_未採用_資料句與第3題遮擋\pages\學生版\02_學生版_A5直式_四色圖例卡.png","lesson2","4723612","FDC1201DE01367D51007CDDBA368992321495C22582F568BCAB898FB2A27F793"
"_staging\lesson2_formal_imagegen_20260826\failed_attempts\覆排嘗試2_未採用_資料句與第3題遮擋\pages\學生版\03_學生版_A6直式_三格出口票.png","02_第2節\_work\staging\lesson2_formal_imagegen_20260826\failed_attempts\覆排嘗試2_未採用_資料句與第3題遮擋\pages\學生版\03_學生版_A6直式_三格出口票.png","lesson2","2764623","C014113CBC48243164DAA5D9342AD93BBF8213F583E79A030EF4F3B94311AD15"
"_staging\lesson2_formal_imagegen_20260826\failed_attempts\覆排嘗試2_未採用_資料句與第3題遮擋\pages\學生版\04_學生版_A4橫式_何時構件功能三格圖示板.png","02_第2節\_work\staging\lesson2_formal_imagegen_20260826\failed_attempts\覆排嘗試2_未採用_資料句與第3題遮擋\pages\學生版\04_學生版_A4橫式_何時構件功能三格圖示板.png","lesson2","7669418","5026AC84B44B34B6E71907BC3D5F63753B10785D1F9E441D1CD1C7E22ED75E3A"
"_staging\lesson2_formal_imagegen_20260826\failed_attempts\覆排嘗試2_未採用_資料句與第3題遮擋\pages\學生版\05_學生版_A4直式_8張中文資料句條.png","02_第2節\_work\staging\lesson2_formal_imagegen_20260826\failed_attempts\覆排嘗試2_未採用_資料句與第3題遮擋\pages\學生版\05_學生版_A4直式_8張中文資料句條.png","lesson2","6722471","4EBFC8B8A02B9DA12405D8EA27448BEF087AC1E5C0B7B8250F12BB8CD801C8AF"
"_staging\lesson2_formal_imagegen_20260826\failed_attempts\覆排嘗試2_未採用_資料句與第3題遮擋\pages\學生版\06_學生版_A5直式_4張英文句型卡.png","02_第2節\_work\staging\lesson2_formal_imagegen_20260826\failed_attempts\覆排嘗試2_未採用_資料句與第3題遮擋\pages\學生版\06_學生版_A5直式_4張英文句型卡.png","lesson2","3725825","F881579CB64AAF595B4B204E0ED970788A7124CE4FBADA471EA89363FDC2C446"
"_staging\lesson2_formal_imagegen_20260826\failed_attempts\覆排嘗試2_未採用_資料句與第3題遮擋\pages\學生版\07_學生版_A5直式_30秒導覽順序卡.png","02_第2節\_work\staging\lesson2_formal_imagegen_20260826\failed_attempts\覆排嘗試2_未採用_資料句與第3題遮擋\pages\學生版\07_學生版_A5直式_30秒導覽順序卡.png","lesson2","5555706","016B5FCD122CF2CD7521F1E692AC838EDB2405C054396678037645A53B042762"
"_staging\lesson2_formal_imagegen_20260826\failed_attempts\覆排嘗試3_未採用_數字群組換行QA\pages\教師答案版\01_教師答案版_A4直式_個人解密單.png","02_第2節\_work\staging\lesson2_formal_imagegen_20260826\failed_attempts\覆排嘗試3_未採用_數字群組換行QA\pages\教師答案版\01_教師答案版_A4直式_個人解密單.png","lesson2","5631223","38C65F9A745788B9A778342EA480A00A52CCA2CE184ECF5E677812A2E40B3BDB"
"_staging\lesson2_formal_imagegen_20260826\failed_attempts\覆排嘗試3_未採用_數字群組換行QA\pages\教師答案版\02_教師答案版_A5直式_四色圖例卡.png","02_第2節\_work\staging\lesson2_formal_imagegen_20260826\failed_attempts\覆排嘗試3_未採用_數字群組換行QA\pages\教師答案版\02_教師答案版_A5直式_四色圖例卡.png","lesson2","4699066","D7A7285632EA5F77F23CF2F87FAEB8D019140090B6EC7C7C6DB70C253D0741E9"
"_staging\lesson2_formal_imagegen_20260826\failed_attempts\覆排嘗試3_未採用_數字群組換行QA\pages\教師答案版\03_教師答案版_A6直式_三格出口票.png","02_第2節\_work\staging\lesson2_formal_imagegen_20260826\failed_attempts\覆排嘗試3_未採用_數字群組換行QA\pages\教師答案版\03_教師答案版_A6直式_三格出口票.png","lesson2","2739689","80A083A05D8E10A6C6000583AEB72A7ED5C27E782CB166F83C378CD4A72FB2A0"
"_staging\lesson2_formal_imagegen_20260826\failed_attempts\覆排嘗試3_未採用_數字群組換行QA\pages\教師答案版\04_教師答案版_A4橫式_何時構件功能三格圖示板.png","02_第2節\_work\staging\lesson2_formal_imagegen_20260826\failed_attempts\覆排嘗試3_未採用_數字群組換行QA\pages\教師答案版\04_教師答案版_A4橫式_何時構件功能三格圖示板.png","lesson2","7625969","7DA8DD8A6E4266B08ACFE052BF3FD161439587E07C88424923BB02314784EE8D"
"_staging\lesson2_formal_imagegen_20260826\failed_attempts\覆排嘗試3_未採用_數字群組換行QA\pages\教師答案版\05_教師答案版_A4直式_8張中文資料句條.png","02_第2節\_work\staging\lesson2_formal_imagegen_20260826\failed_attempts\覆排嘗試3_未採用_數字群組換行QA\pages\教師答案版\05_教師答案版_A4直式_8張中文資料句條.png","lesson2","5840359","90C109DDD17B4FF18C05F7291D49883B2E5F9C84346B16951CF3E0598176E259"
"_staging\lesson2_formal_imagegen_20260826\failed_attempts\覆排嘗試3_未採用_數字群組換行QA\pages\教師答案版\06_教師答案版_A5直式_4張英文句型卡.png","02_第2節\_work\staging\lesson2_formal_imagegen_20260826\failed_attempts\覆排嘗試3_未採用_數字群組換行QA\pages\教師答案版\06_教師答案版_A5直式_4張英文句型卡.png","lesson2","3721022","9B1C8F95708657E34F600055C0717D16FC1C64950EB65DB9A8E1D26AB3FDA2AE"
"_staging\lesson2_formal_imagegen_20260826\failed_attempts\覆排嘗試3_未採用_數字群組換行QA\pages\教師答案版\07_教師答案版_A5直式_30秒導覽順序卡.png","02_第2節\_work\staging\lesson2_formal_imagegen_20260826\failed_attempts\覆排嘗試3_未採用_數字群組換行QA\pages\教師答案版\07_教師答案版_A5直式_30秒導覽順序卡.png","lesson2","5534012","A27052AC014DECE9C47C6C0578D40221649F39BDBE8B4E51D3978D7DE44F651E"
"_staging\lesson2_formal_imagegen_20260826\failed_attempts\覆排嘗試3_未採用_數字群組換行QA\pages\學生版\01_學生版_A4直式_個人解密單.png","02_第2節\_work\staging\lesson2_formal_imagegen_20260826\failed_attempts\覆排嘗試3_未採用_數字群組換行QA\pages\學生版\01_學生版_A4直式_個人解密單.png","lesson2","5938301","A9A69951D582F0ED0E63BFD60003173E5EC2B9AD4253B75B12A59E536C5CE5E4"
"_staging\lesson2_formal_imagegen_20260826\failed_attempts\覆排嘗試3_未採用_數字群組換行QA\pages\學生版\02_學生版_A5直式_四色圖例卡.png","02_第2節\_work\staging\lesson2_formal_imagegen_20260826\failed_attempts\覆排嘗試3_未採用_數字群組換行QA\pages\學生版\02_學生版_A5直式_四色圖例卡.png","lesson2","4723612","FDC1201DE01367D51007CDDBA368992321495C22582F568BCAB898FB2A27F793"
"_staging\lesson2_formal_imagegen_20260826\failed_attempts\覆排嘗試3_未採用_數字群組換行QA\pages\學生版\03_學生版_A6直式_三格出口票.png","02_第2節\_work\staging\lesson2_formal_imagegen_20260826\failed_attempts\覆排嘗試3_未採用_數字群組換行QA\pages\學生版\03_學生版_A6直式_三格出口票.png","lesson2","2765050","C5C37CABCB78DF8F92FD3212E71ABA4EEB4FF51791493D1D2DD3F56787B79596"
"_staging\lesson2_formal_imagegen_20260826\failed_attempts\覆排嘗試3_未採用_數字群組換行QA\pages\學生版\04_學生版_A4橫式_何時構件功能三格圖示板.png","02_第2節\_work\staging\lesson2_formal_imagegen_20260826\failed_attempts\覆排嘗試3_未採用_數字群組換行QA\pages\學生版\04_學生版_A4橫式_何時構件功能三格圖示板.png","lesson2","7669418","5026AC84B44B34B6E71907BC3D5F63753B10785D1F9E441D1CD1C7E22ED75E3A"
"_staging\lesson2_formal_imagegen_20260826\failed_attempts\覆排嘗試3_未採用_數字群組換行QA\pages\學生版\05_學生版_A4直式_8張中文資料句條.png","02_第2節\_work\staging\lesson2_formal_imagegen_20260826\failed_attempts\覆排嘗試3_未採用_數字群組換行QA\pages\學生版\05_學生版_A4直式_8張中文資料句條.png","lesson2","5876192","48D476460B412FB6D9928C7D2610F53971535C2954F0494704F34B0656C035D8"
"_staging\lesson2_formal_imagegen_20260826\failed_attempts\覆排嘗試3_未採用_數字群組換行QA\pages\學生版\06_學生版_A5直式_4張英文句型卡.png","02_第2節\_work\staging\lesson2_formal_imagegen_20260826\failed_attempts\覆排嘗試3_未採用_數字群組換行QA\pages\學生版\06_學生版_A5直式_4張英文句型卡.png","lesson2","3725883","BE0D54C9AF28EC79FA500B32099A8C994C68E21386DBB15E50A72B916B032094"
"_staging\lesson2_formal_imagegen_20260826\failed_attempts\覆排嘗試3_未採用_數字群組換行QA\pages\學生版\07_學生版_A5直式_30秒導覽順序卡.png","02_第2節\_work\staging\lesson2_formal_imagegen_20260826\failed_attempts\覆排嘗試3_未採用_數字群組換行QA\pages\學生版\07_學生版_A5直式_30秒導覽順序卡.png","lesson2","5555706","016B5FCD122CF2CD7521F1E692AC838EDB2405C054396678037645A53B042762"
"_staging\lesson2_formal_imagegen_20260826\failed_attempts\覆排嘗試3_未採用_數字群組換行QA\qa\01_學生版_7頁彩色接觸表.png","02_第2節\_work\staging\lesson2_formal_imagegen_20260826\failed_attempts\覆排嘗試3_未採用_數字群組換行QA\qa\01_學生版_7頁彩色接觸表.png","lesson2","1952612","3DBC58AA5D1E9BC602646CD8C85F00F828AAB6364A10094C535AF77FDB889564"
"_staging\lesson2_formal_imagegen_20260826\failed_attempts\覆排嘗試3_未採用_數字群組換行QA\qa\02_學生版_7頁灰階接觸表.png","02_第2節\_work\staging\lesson2_formal_imagegen_20260826\failed_attempts\覆排嘗試3_未採用_數字群組換行QA\qa\02_學生版_7頁灰階接觸表.png","lesson2","1193232","C0058F5A10579D696E9D9A7479C68E0D61E9D0D661CF1E2B45E05A7B41FA2D4D"
"_staging\lesson2_formal_imagegen_20260826\failed_attempts\覆排嘗試3_未採用_數字群組換行QA\qa\03_教師答案版_7頁彩色接觸表.png","02_第2節\_work\staging\lesson2_formal_imagegen_20260826\failed_attempts\覆排嘗試3_未採用_數字群組換行QA\qa\03_教師答案版_7頁彩色接觸表.png","lesson2","1965448","570B5FCB760EC5264746DF64D98D84AACBEC1F791F2D54ACE7B84302B078F083"
"_staging\lesson2_formal_imagegen_20260826\failed_attempts\覆排嘗試3_未採用_數字群組換行QA\qa\04_教師答案版_7頁灰階接觸表.png","02_第2節\_work\staging\lesson2_formal_imagegen_20260826\failed_attempts\覆排嘗試3_未採用_數字群組換行QA\qa\04_教師答案版_7頁灰階接觸表.png","lesson2","1213246","6D9298089330930950FAA590A7414A63147CCA6931895F5C86D9E02FE91A02B8"
"_staging\lesson2_formal_imagegen_20260826\failed_attempts\覆排嘗試3_未採用_數字群組換行QA\qa\05_第2節ImageGen整批頁面_manifest.json","02_第2節\_work\staging\lesson2_formal_imagegen_20260826\failed_attempts\覆排嘗試3_未採用_數字群組換行QA\qa\05_第2節ImageGen整批頁面_manifest.json","lesson2","68101","95F02EB444FB1303FD585EC26B3BD36D4A8F9F03C4F6CA850ACFC127CCA56C5F"
"_staging\lesson2_formal_imagegen_20260826\failed_attempts\覆排嘗試3_未採用_數字群組換行QA\qa\列印預覽\02_教師答案版_A5_portrait_預覽.png","02_第2節\_work\staging\lesson2_formal_imagegen_20260826\failed_attempts\覆排嘗試3_未採用_數字群組換行QA\qa\列印預覽\02_教師答案版_A5_portrait_預覽.png","lesson2","1556775","5835AFCFE4E33792CA5E209F85D7DE8C6E2D504FB52EE19AC0ED563D0A545687"
"_staging\lesson2_formal_imagegen_20260826\failed_attempts\覆排嘗試3_未採用_數字群組換行QA\qa\列印預覽\02_學生版_A5_portrait_預覽.png","02_第2節\_work\staging\lesson2_formal_imagegen_20260826\failed_attempts\覆排嘗試3_未採用_數字群組換行QA\qa\列印預覽\02_學生版_A5_portrait_預覽.png","lesson2","1559741","7F75CA94AD238A07CC9D69DF171148F1F4F2D5BDD28196E35F907625A9E1CF01"
"_staging\lesson2_formal_imagegen_20260826\failed_attempts\覆排嘗試3_未採用_數字群組換行QA\qa\列印預覽\03_教師答案版_A6_portrait_預覽.png","02_第2節\_work\staging\lesson2_formal_imagegen_20260826\failed_attempts\覆排嘗試3_未採用_數字群組換行QA\qa\列印預覽\03_教師答案版_A6_portrait_預覽.png","lesson2","1498667","857792F77F7D2B268A4A948482AC0E0080D3192D3838CAC6D849411D2E4B6254"
"_staging\lesson2_formal_imagegen_20260826\failed_attempts\覆排嘗試3_未採用_數字群組換行QA\qa\列印預覽\03_學生版_A6_portrait_預覽.png","02_第2節\_work\staging\lesson2_formal_imagegen_20260826\failed_attempts\覆排嘗試3_未採用_數字群組換行QA\qa\列印預覽\03_學生版_A6_portrait_預覽.png","lesson2","1498961","44897D1FE8CD5A7421521C4A32A56F44C2CDC2171B0D8AFE0922451FC725EE8B"
"_staging\lesson2_formal_imagegen_20260826\failed_attempts\覆排嘗試3_未採用_數字群組換行QA\qa\列印預覽\04_教師答案版_A4_landscape_預覽.png","02_第2節\_work\staging\lesson2_formal_imagegen_20260826\failed_attempts\覆排嘗試3_未採用_數字群組換行QA\qa\列印預覽\04_教師答案版_A4_landscape_預覽.png","lesson2","1801519","9D7EE295D8EA44C82DF4B90A76611F670F373882CBA9E031B480ACF6E2CBF4D1"
"_staging\lesson2_formal_imagegen_20260826\failed_attempts\覆排嘗試3_未採用_數字群組換行QA\qa\列印預覽\04_學生版_A4_landscape_預覽.png","02_第2節\_work\staging\lesson2_formal_imagegen_20260826\failed_attempts\覆排嘗試3_未採用_數字群組換行QA\qa\列印預覽\04_學生版_A4_landscape_預覽.png","lesson2","1790482","924913BAD84A9DD6D45393FE4AB48A776514EC3BE459116F558AC7ED99D71D0B"
"_staging\lesson2_formal_imagegen_20260826\failed_attempts\覆排嘗試3_未採用_數字群組換行QA\qa\列印預覽\05_教師答案版_A4_portrait_預覽.png","02_第2節\_work\staging\lesson2_formal_imagegen_20260826\failed_attempts\覆排嘗試3_未採用_數字群組換行QA\qa\列印預覽\05_教師答案版_A4_portrait_預覽.png","lesson2","1269907","6B70254CF67E9C8A1BD0F09851C5DD1861D29437D05A4F9281D91E47296BB4F7"
"_staging\lesson2_formal_imagegen_20260826\failed_attempts\覆排嘗試3_未採用_數字群組換行QA\qa\列印預覽\05_學生版_A4_portrait_預覽.png","02_第2節\_work\staging\lesson2_formal_imagegen_20260826\failed_attempts\覆排嘗試3_未採用_數字群組換行QA\qa\列印預覽\05_學生版_A4_portrait_預覽.png","lesson2","1271198","61CDA951CA5B147756E4FEBBB4D5615095C65DFD5A4B89EF76A72562907F0626"
"_staging\lesson2_formal_imagegen_20260826\failed_attempts\覆排嘗試3_未採用_數字群組換行QA\qa\列印預覽\06_教師答案版_A5_portrait_預覽.png","02_第2節\_work\staging\lesson2_formal_imagegen_20260826\failed_attempts\覆排嘗試3_未採用_數字群組換行QA\qa\列印預覽\06_教師答案版_A5_portrait_預覽.png","lesson2","1331470","1F947B17D68F3841E295F5A2853D4804FC47DF826CA5C87BA9B421A3B71FA425"
"_staging\lesson2_formal_imagegen_20260826\failed_attempts\覆排嘗試3_未採用_數字群組換行QA\qa\列印預覽\06_學生版_A5_portrait_預覽.png","02_第2節\_work\staging\lesson2_formal_imagegen_20260826\failed_attempts\覆排嘗試3_未採用_數字群組換行QA\qa\列印預覽\06_學生版_A5_portrait_預覽.png","lesson2","1326449","47D44228A6D9FBDF257DB7C46DB16BFC5074A369EEB2CD7F341EF75FA0C3CCBD"
"_staging\lesson2_formal_imagegen_20260826\failed_attempts\覆排嘗試3_未採用_數字群組換行QA\qa\列印預覽\07_教師答案版_A5_portrait_預覽.png","02_第2節\_work\staging\lesson2_formal_imagegen_20260826\failed_attempts\覆排嘗試3_未採用_數字群組換行QA\qa\列印預覽\07_教師答案版_A5_portrait_預覽.png","lesson2","1683084","C452A4B4FC44AD542E04490FFC3CD82D73D7153309C49451F1227E270A0D60C2"
"_staging\lesson2_formal_imagegen_20260826\failed_attempts\覆排嘗試3_未採用_數字群組換行QA\qa\列印預覽\07_學生版_A5_portrait_預覽.png","02_第2節\_work\staging\lesson2_formal_imagegen_20260826\failed_attempts\覆排嘗試3_未採用_數字群組換行QA\qa\列印預覽\07_學生版_A5_portrait_預覽.png","lesson2","1678613","F0E449E7EE1E7922A223B179E60C32D8192BDE0DF948204E035258746589CA8A"
"_staging\lesson2_formal_imagegen_20260826\formal_package_qa\01_學生PDF_7頁彩色回渲.png","02_第2節\_work\staging\lesson2_formal_imagegen_20260826\formal_package_qa\01_學生PDF_7頁彩色回渲.png","lesson2","2208911","BC7A7B334FC4FEDDEE834438AF9306686248203BD5C10336109A7B56D025A38B"
"_staging\lesson2_formal_imagegen_20260826\formal_package_qa\02_教師PDF_7頁彩色回渲.png","02_第2節\_work\staging\lesson2_formal_imagegen_20260826\formal_package_qa\02_教師PDF_7頁彩色回渲.png","lesson2","2223347","5CE1684EC12D9A2623A653870BE36031CD39C5B30740A6A09D9B6F9856E3C775"
"_staging\lesson2_formal_imagegen_20260826\formal_package_qa\03_學生PDF_7頁灰階回渲.png","02_第2節\_work\staging\lesson2_formal_imagegen_20260826\formal_package_qa\03_學生PDF_7頁灰階回渲.png","lesson2","1382412","72BFADFB698C3036D742848C2C0D2FB366D6B0EDB3FFBE8AEE7287D7C19AE43B"
"_staging\lesson2_formal_imagegen_20260826\formal_package_qa\04_教師PDF_7頁灰階回渲.png","02_第2節\_work\staging\lesson2_formal_imagegen_20260826\formal_package_qa\04_教師PDF_7頁灰階回渲.png","lesson2","1405137","8ECCDCD9EFD2E5DE95B20E4F9723F7F785ADE5D388F7D1384F6E3A399DA4CBCF"
"_staging\lesson2_formal_imagegen_20260826\formal_package_qa\render_student\student-1.png","02_第2節\_work\staging\lesson2_formal_imagegen_20260826\formal_package_qa\render_student\student-1.png","lesson2","1615866","80178AB3FB89F3F800DFC90FF57D1852F0723059AC9C22746566C62FB9C5CEC7"
"_staging\lesson2_formal_imagegen_20260826\formal_package_qa\render_student\student-2.png","02_第2節\_work\staging\lesson2_formal_imagegen_20260826\formal_package_qa\render_student\student-2.png","lesson2","1004136","61F13841D5830531F7DB33F13E50353CD3B04F8A59B56D9336BE1DF131397626"
"_staging\lesson2_formal_imagegen_20260826\formal_package_qa\render_student\student-3.png","02_第2節\_work\staging\lesson2_formal_imagegen_20260826\formal_package_qa\render_student\student-3.png","lesson2","482875","44F590F3B0C09D13BE01272B605B736D1A51A393B1A1555DF298C563A0D3517D"
"_staging\lesson2_formal_imagegen_20260826\formal_package_qa\render_student\student-4.png","02_第2節\_work\staging\lesson2_formal_imagegen_20260826\formal_package_qa\render_student\student-4.png","lesson2","1869234","917B89F43A572B905379991E83F32DF3987BA3BA7CD58484DD98BB27E44D61C6"
"_staging\lesson2_formal_imagegen_20260826\formal_package_qa\render_student\student-5.png","02_第2節\_work\staging\lesson2_formal_imagegen_20260826\formal_package_qa\render_student\student-5.png","lesson2","1523063","0A254A5BE1979D61B6B215F4E8BA50BEC174C2CEBDB6FD16AE083F49DB28E402"
"_staging\lesson2_formal_imagegen_20260826\formal_package_qa\render_student\student-6.png","02_第2節\_work\staging\lesson2_formal_imagegen_20260826\formal_package_qa\render_student\student-6.png","lesson2","837160","92EFB69F9690C4BDB000F28BE339E02A90E733992666AF5D7106B3C37BC91408"
"_staging\lesson2_formal_imagegen_20260826\formal_package_qa\render_student\student-7.png","02_第2節\_work\staging\lesson2_formal_imagegen_20260826\formal_package_qa\render_student\student-7.png","lesson2","1084015","BA4634070422DB44470870EAA457CC3D118C637E46055CECD3C55A54B9DF1FE0"
"_staging\lesson2_formal_imagegen_20260826\formal_package_qa\render_teacher\teacher-1.png","02_第2節\_work\staging\lesson2_formal_imagegen_20260826\formal_package_qa\render_teacher\teacher-1.png","lesson2","1528376","4513F3D788FD1ED871FB3E3B480C724339A276CDE0998E4602FCA868DB367E5D"
"_staging\lesson2_formal_imagegen_20260826\formal_package_qa\render_teacher\teacher-2.png","02_第2節\_work\staging\lesson2_formal_imagegen_20260826\formal_package_qa\render_teacher\teacher-2.png","lesson2","1001719","794B7363D61187E4701BA1680F3555AAE61BC9212C198ED08CF8E51E0F82F145"
"_staging\lesson2_formal_imagegen_20260826\formal_package_qa\render_teacher\teacher-3.png","02_第2節\_work\staging\lesson2_formal_imagegen_20260826\formal_package_qa\render_teacher\teacher-3.png","lesson2","482887","7FF70B912096E2D88076ECCC5D7DF20DE3F73B21488B9E49170608913E9111A1"
"_staging\lesson2_formal_imagegen_20260826\formal_package_qa\render_teacher\teacher-4.png","02_第2節\_work\staging\lesson2_formal_imagegen_20260826\formal_package_qa\render_teacher\teacher-4.png","lesson2","1872090","25F4D064B5AD9FB71AE12C43EBE73D9A20C2931C5A20821EF7DDDF62CD88B429"
"_staging\lesson2_formal_imagegen_20260826\formal_package_qa\render_teacher\teacher-5.png","02_第2節\_work\staging\lesson2_formal_imagegen_20260826\formal_package_qa\render_teacher\teacher-5.png","lesson2","1515750","4A0CBB6E4FBF20C4C92AAADDF2B755F035EA789BC5E36BA8F2C847DFD5E3E144"
"_staging\lesson2_formal_imagegen_20260826\formal_package_qa\render_teacher\teacher-6.png","02_第2節\_work\staging\lesson2_formal_imagegen_20260826\formal_package_qa\render_teacher\teacher-6.png","lesson2","839481","60415A826E7B11B7B749A7FA65BD99A0FCE7B76DE7C51131263AD1E82104F2C1"
"_staging\lesson2_formal_imagegen_20260826\formal_package_qa\render_teacher\teacher-7.png","02_第2節\_work\staging\lesson2_formal_imagegen_20260826\formal_package_qa\render_teacher\teacher-7.png","lesson2","1085538","1880170E42D52BA745870A164586BFE70D16B124042096D40B5233A9FAC6741D"
"_staging\lesson2_formal_imagegen_20260826\formal_targets\14_扇形車庫_第2節正式教材_學生版_20260826.pdf","02_第2節\_work\staging\lesson2_formal_imagegen_20260826\formal_targets\14_扇形車庫_第2節正式教材_學生版_20260826.pdf","lesson2","75462122","E59F7B237555D6167858F7B83FFF17096BD1068E20CB05C5411FFB7C436BB36E"
"_staging\lesson2_formal_imagegen_20260826\formal_targets\15_扇形車庫_第2節正式教材_教師答案版_20260826.pdf","02_第2節\_work\staging\lesson2_formal_imagegen_20260826\formal_targets\15_扇形車庫_第2節正式教材_教師答案版_20260826.pdf","lesson2","74269074","F79BB242679D12D3A9B995A3CD3AFBB1F6AB240BE6C94F8483BD64D3C62D7EC2"
"_staging\lesson2_formal_imagegen_20260826\formal_targets\16_扇形車庫_第2節正式教材圖檔_20260826\_重建與追溯\06_ImageGen與覆排修復追溯_20260826.md","02_第2節\_work\staging\lesson2_formal_imagegen_20260826\formal_targets\16_扇形車庫_第2節正式教材圖檔_20260826\_重建與追溯\06_ImageGen與覆排修復追溯_20260826.md","lesson2","9696","F391679E425152EEC189E2F30E08444617E1E3108FED792CF76EDAAAC0A22F35"
"_staging\lesson2_formal_imagegen_20260826\formal_targets\16_扇形車庫_第2節正式教材圖檔_20260826\_重建與追溯\build_lesson2_formal_imagegen_package.py","02_第2節\_work\staging\lesson2_formal_imagegen_20260826\formal_targets\16_扇形車庫_第2節正式教材圖檔_20260826\_重建與追溯\build_lesson2_formal_imagegen_package.py","lesson2","19727","62BCFA786CFC2D92E8519356F5FCE999E73E9FDA6F09737159F83FA2E60C249E"
"_staging\lesson2_formal_imagegen_20260826\formal_targets\16_扇形車庫_第2節正式教材圖檔_20260826\_重建與追溯\build_lesson2_imagegen_full_batch.py","02_第2節\_work\staging\lesson2_formal_imagegen_20260826\formal_targets\16_扇形車庫_第2節正式教材圖檔_20260826\_重建與追溯\build_lesson2_imagegen_full_batch.py","lesson2","35969","A936E779C9F64A1B84E9E94FAFDBB8D0979B5E2B2E0B00F5970A06DED3C57CE0"
"_staging\lesson2_formal_imagegen_20260826\formal_targets\16_扇形車庫_第2節正式教材圖檔_20260826\_重建與追溯\build_lesson2_teacher_formal_overlay.py","02_第2節\_work\staging\lesson2_formal_imagegen_20260826\formal_targets\16_扇形車庫_第2節正式教材圖檔_20260826\_重建與追溯\build_lesson2_teacher_formal_overlay.py","lesson2","18763","2B665D438173C0999431D3754FA9590DED475D25E39C4BDF996CE4914389E54F"
"_staging\lesson2_formal_imagegen_20260826\formal_targets\16_扇形車庫_第2節正式教材圖檔_20260826\_assets\Comic Relief\comic-relief-font.md","02_第2節\_work\staging\lesson2_formal_imagegen_20260826\formal_targets\16_扇形車庫_第2節正式教材圖檔_20260826\_assets\Comic Relief\comic-relief-font.md","lesson2","1683","7BA4463AF47C6DD4A245BCC7ADB31415C468B2F404A0C6BB89007FB05CF6A55D"
"_staging\lesson2_formal_imagegen_20260826\formal_targets\16_扇形車庫_第2節正式教材圖檔_20260826\_assets\Comic Relief\ComicRelief-Regular.ttf","02_第2節\_work\staging\lesson2_formal_imagegen_20260826\formal_targets\16_扇形車庫_第2節正式教材圖檔_20260826\_assets\Comic Relief\ComicRelief-Regular.ttf","lesson2","80324","9EF4958AB06385D91F635F83A15569786B243F9D010CFB3F9A5CDDA593C7BC22"
"_staging\lesson2_formal_imagegen_20260826\formal_targets\16_扇形車庫_第2節正式教材圖檔_20260826\_assets\Comic Relief\OFL.txt","02_第2節\_work\staging\lesson2_formal_imagegen_20260826\formal_targets\16_扇形車庫_第2節正式教材圖檔_20260826\_assets\Comic Relief\OFL.txt","lesson2","4396","009B3056CEF5C9BCAFF872BFB0E27FA4A0F8CC6F6984CC490CAF5618748D766B"
"_staging\lesson2_formal_imagegen_20260826\formal_targets\16_扇形車庫_第2節正式教材圖檔_20260826\_ImageGen採用母版\01_個人解密單_ImageGen無字母版_採用.png","02_第2節\_work\staging\lesson2_formal_imagegen_20260826\formal_targets\16_扇形車庫_第2節正式教材圖檔_20260826\_ImageGen採用母版\01_個人解密單_ImageGen無字母版_採用.png","lesson2","1949793","07F3A1D8859A0EFC340610E1F498AD5F52607D5735E1D7166E0E6AB0EA70CBD2"
"_staging\lesson2_formal_imagegen_20260826\formal_targets\16_扇形車庫_第2節正式教材圖檔_20260826\_ImageGen採用母版\02_四色圖例卡_ImageGen無字母版_嘗試2_採用.png","02_第2節\_work\staging\lesson2_formal_imagegen_20260826\formal_targets\16_扇形車庫_第2節正式教材圖檔_20260826\_ImageGen採用母版\02_四色圖例卡_ImageGen無字母版_嘗試2_採用.png","lesson2","2235083","749DB900B9BB195657C3C98A18BCD651E0AFDC848117D3259CD342A8CC9F2537"
"_staging\lesson2_formal_imagegen_20260826\formal_targets\16_扇形車庫_第2節正式教材圖檔_20260826\_ImageGen採用母版\03_三格出口票_ImageGen無字母版_嘗試1_採用.png","02_第2節\_work\staging\lesson2_formal_imagegen_20260826\formal_targets\16_扇形車庫_第2節正式教材圖檔_20260826\_ImageGen採用母版\03_三格出口票_ImageGen無字母版_嘗試1_採用.png","lesson2","2178689","4AD1B509E651B5BDCF33B244122A9580179971EB034C876C7FBC9B88DEBD8809"
"_staging\lesson2_formal_imagegen_20260826\formal_targets\16_扇形車庫_第2節正式教材圖檔_20260826\_ImageGen採用母版\04_何時構件功能三格圖示板_ImageGen無字母版_嘗試1_採用.png","02_第2節\_work\staging\lesson2_formal_imagegen_20260826\formal_targets\16_扇形車庫_第2節正式教材圖檔_20260826\_ImageGen採用母版\04_何時構件功能三格圖示板_ImageGen無字母版_嘗試1_採用.png","lesson2","2249771","DF9ACBA728C9E74BE539FB416398F5035583B98BCAF770F2CD48053849D4CFB4"
"_staging\lesson2_formal_imagegen_20260826\formal_targets\16_扇形車庫_第2節正式教材圖檔_20260826\_ImageGen採用母版\05_8張中文資料句條_ImageGen無字母版_嘗試3_採用.png","02_第2節\_work\staging\lesson2_formal_imagegen_20260826\formal_targets\16_扇形車庫_第2節正式教材圖檔_20260826\_ImageGen採用母版\05_8張中文資料句條_ImageGen無字母版_嘗試3_採用.png","lesson2","2168875","6B2904B080ED10DFCDC2627BFD9FA9232C682A2E796229AA438D6625E55B6A31"
"_staging\lesson2_formal_imagegen_20260826\formal_targets\16_扇形車庫_第2節正式教材圖檔_20260826\_ImageGen採用母版\06_4張英文句型卡_ImageGen無字母版_嘗試2_採用.png","02_第2節\_work\staging\lesson2_formal_imagegen_20260826\formal_targets\16_扇形車庫_第2節正式教材圖檔_20260826\_ImageGen採用母版\06_4張英文句型卡_ImageGen無字母版_嘗試2_採用.png","lesson2","1872340","1E19CFF51BE84834DBE1A84E8AF93C073FEEBE888F7AF5ABCA6215720C3F513E"
"_staging\lesson2_formal_imagegen_20260826\formal_targets\16_扇形車庫_第2節正式教材圖檔_20260826\_ImageGen採用母版\07_30秒導覽順序卡_ImageGen無字母版_嘗試1_採用.png","02_第2節\_work\staging\lesson2_formal_imagegen_20260826\formal_targets\16_扇形車庫_第2節正式教材圖檔_20260826\_ImageGen採用母版\07_30秒導覽順序卡_ImageGen無字母版_嘗試1_採用.png","lesson2","2680351","355FE7D38B0B1AE1925F8497156E25EE2A58514602CA634B258838A8785506AA"
"_staging\lesson2_formal_imagegen_20260826\formal_targets\16_扇形車庫_第2節正式教材圖檔_20260826\_QA證據\01_學生版_7頁彩色接觸表.png","02_第2節\_work\staging\lesson2_formal_imagegen_20260826\formal_targets\16_扇形車庫_第2節正式教材圖檔_20260826\_QA證據\01_學生版_7頁彩色接觸表.png","lesson2","1952729","631A2F7287B76CB097305A16F4C3C0222797DCD6140924A040C8A31C59C5826F"
"_staging\lesson2_formal_imagegen_20260826\formal_targets\16_扇形車庫_第2節正式教材圖檔_20260826\_QA證據\02_學生版_7頁灰階接觸表.png","02_第2節\_work\staging\lesson2_formal_imagegen_20260826\formal_targets\16_扇形車庫_第2節正式教材圖檔_20260826\_QA證據\02_學生版_7頁灰階接觸表.png","lesson2","1193331","8DA2AD553D877888BBECF8CF6C16436ED8E06995109C18163542690459EFE9A4"
"_staging\lesson2_formal_imagegen_20260826\formal_targets\16_扇形車庫_第2節正式教材圖檔_20260826\_QA證據\03_教師答案版_7頁彩色接觸表.png","02_第2節\_work\staging\lesson2_formal_imagegen_20260826\formal_targets\16_扇形車庫_第2節正式教材圖檔_20260826\_QA證據\03_教師答案版_7頁彩色接觸表.png","lesson2","1965564","AE9E971406AB72EDEFDE08171F7E6E9797F0B133987CE6EE6411D0A5B55CEFCC"
"_staging\lesson2_formal_imagegen_20260826\formal_targets\16_扇形車庫_第2節正式教材圖檔_20260826\_QA證據\04_教師答案版_7頁灰階接觸表.png","02_第2節\_work\staging\lesson2_formal_imagegen_20260826\formal_targets\16_扇形車庫_第2節正式教材圖檔_20260826\_QA證據\04_教師答案版_7頁灰階接觸表.png","lesson2","1213416","6C1C616D270153C5F4735E18F8E9436086E1A3EEFAC25848F9D7DE7D5BED4983"
"_staging\lesson2_formal_imagegen_20260826\formal_targets\16_扇形車庫_第2節正式教材圖檔_20260826\_QA證據\05_第2節ImageGen整批頁面_manifest.json","02_第2節\_work\staging\lesson2_formal_imagegen_20260826\formal_targets\16_扇形車庫_第2節正式教材圖檔_20260826\_QA證據\05_第2節ImageGen整批頁面_manifest.json","lesson2","68227","4204C5017EEE582AFAE936EEE229048FFB07C75E3883D236A2753F01783F5568"
"_staging\lesson2_formal_imagegen_20260826\formal_targets\16_扇形車庫_第2節正式教材圖檔_20260826\_QA證據\列印預覽\01_教師答案版_A4_portrait_預覽.png","02_第2節\_work\staging\lesson2_formal_imagegen_20260826\formal_targets\16_扇形車庫_第2節正式教材圖檔_20260826\_QA證據\列印預覽\01_教師答案版_A4_portrait_預覽.png","lesson2","2090328","F473E09FF929301E55C37C6F32B8FC684EDEAD798D4594F8A76B0B0E727546ED"
"_staging\lesson2_formal_imagegen_20260826\formal_targets\16_扇形車庫_第2節正式教材圖檔_20260826\_QA證據\列印預覽\01_學生版_A4_portrait_預覽.png","02_第2節\_work\staging\lesson2_formal_imagegen_20260826\formal_targets\16_扇形車庫_第2節正式教材圖檔_20260826\_QA證據\列印預覽\01_學生版_A4_portrait_預覽.png","lesson2","2583207","1E6A51025CCCA4DE1EDAF8223336FBFBF28409EB5B2F445F2FE8F5E10284A5DA"
"_staging\lesson2_formal_imagegen_20260826\formal_targets\16_扇形車庫_第2節正式教材圖檔_20260826\_QA證據\列印預覽\02_教師答案版_A5_portrait_預覽.png","02_第2節\_work\staging\lesson2_formal_imagegen_20260826\formal_targets\16_扇形車庫_第2節正式教材圖檔_20260826\_QA證據\列印預覽\02_教師答案版_A5_portrait_預覽.png","lesson2","1556775","5835AFCFE4E33792CA5E209F85D7DE8C6E2D504FB52EE19AC0ED563D0A545687"
"_staging\lesson2_formal_imagegen_20260826\formal_targets\16_扇形車庫_第2節正式教材圖檔_20260826\_QA證據\列印預覽\02_學生版_A5_portrait_預覽.png","02_第2節\_work\staging\lesson2_formal_imagegen_20260826\formal_targets\16_扇形車庫_第2節正式教材圖檔_20260826\_QA證據\列印預覽\02_學生版_A5_portrait_預覽.png","lesson2","1559741","7F75CA94AD238A07CC9D69DF171148F1F4F2D5BDD28196E35F907625A9E1CF01"
"_staging\lesson2_formal_imagegen_20260826\formal_targets\16_扇形車庫_第2節正式教材圖檔_20260826\_QA證據\列印預覽\03_教師答案版_A6_portrait_預覽.png","02_第2節\_work\staging\lesson2_formal_imagegen_20260826\formal_targets\16_扇形車庫_第2節正式教材圖檔_20260826\_QA證據\列印預覽\03_教師答案版_A6_portrait_預覽.png","lesson2","1498667","857792F77F7D2B268A4A948482AC0E0080D3192D3838CAC6D849411D2E4B6254"
"_staging\lesson2_formal_imagegen_20260826\formal_targets\16_扇形車庫_第2節正式教材圖檔_20260826\_QA證據\列印預覽\03_學生版_A6_portrait_預覽.png","02_第2節\_work\staging\lesson2_formal_imagegen_20260826\formal_targets\16_扇形車庫_第2節正式教材圖檔_20260826\_QA證據\列印預覽\03_學生版_A6_portrait_預覽.png","lesson2","1498961","44897D1FE8CD5A7421521C4A32A56F44C2CDC2171B0D8AFE0922451FC725EE8B"
"_staging\lesson2_formal_imagegen_20260826\formal_targets\16_扇形車庫_第2節正式教材圖檔_20260826\_QA證據\列印預覽\04_教師答案版_A4_landscape_預覽.png","02_第2節\_work\staging\lesson2_formal_imagegen_20260826\formal_targets\16_扇形車庫_第2節正式教材圖檔_20260826\_QA證據\列印預覽\04_教師答案版_A4_landscape_預覽.png","lesson2","1801519","9D7EE295D8EA44C82DF4B90A76611F670F373882CBA9E031B480ACF6E2CBF4D1"
"_staging\lesson2_formal_imagegen_20260826\formal_targets\16_扇形車庫_第2節正式教材圖檔_20260826\_QA證據\列印預覽\04_學生版_A4_landscape_預覽.png","02_第2節\_work\staging\lesson2_formal_imagegen_20260826\formal_targets\16_扇形車庫_第2節正式教材圖檔_20260826\_QA證據\列印預覽\04_學生版_A4_landscape_預覽.png","lesson2","1790482","924913BAD84A9DD6D45393FE4AB48A776514EC3BE459116F558AC7ED99D71D0B"
"_staging\lesson2_formal_imagegen_20260826\formal_targets\16_扇形車庫_第2節正式教材圖檔_20260826\_QA證據\列印預覽\05_教師答案版_A4_portrait_預覽.png","02_第2節\_work\staging\lesson2_formal_imagegen_20260826\formal_targets\16_扇形車庫_第2節正式教材圖檔_20260826\_QA證據\列印預覽\05_教師答案版_A4_portrait_預覽.png","lesson2","1270652","2BA95F10B440F54B6C9DD6F8D5AAE2B2AEAA2491AB5BA58F3491E26A675E9692"
"_staging\lesson2_formal_imagegen_20260826\formal_targets\16_扇形車庫_第2節正式教材圖檔_20260826\_QA證據\列印預覽\05_學生版_A4_portrait_預覽.png","02_第2節\_work\staging\lesson2_formal_imagegen_20260826\formal_targets\16_扇形車庫_第2節正式教材圖檔_20260826\_QA證據\列印預覽\05_學生版_A4_portrait_預覽.png","lesson2","1271982","4F5D7255690047E6724025780FE993A29CDFBC0886B59B79B0937F4F1A866B44"
"_staging\lesson2_formal_imagegen_20260826\formal_targets\16_扇形車庫_第2節正式教材圖檔_20260826\_QA證據\列印預覽\06_教師答案版_A5_portrait_預覽.png","02_第2節\_work\staging\lesson2_formal_imagegen_20260826\formal_targets\16_扇形車庫_第2節正式教材圖檔_20260826\_QA證據\列印預覽\06_教師答案版_A5_portrait_預覽.png","lesson2","1331470","1F947B17D68F3841E295F5A2853D4804FC47DF826CA5C87BA9B421A3B71FA425"
"_staging\lesson2_formal_imagegen_20260826\formal_targets\16_扇形車庫_第2節正式教材圖檔_20260826\_QA證據\列印預覽\06_學生版_A5_portrait_預覽.png","02_第2節\_work\staging\lesson2_formal_imagegen_20260826\formal_targets\16_扇形車庫_第2節正式教材圖檔_20260826\_QA證據\列印預覽\06_學生版_A5_portrait_預覽.png","lesson2","1326449","47D44228A6D9FBDF257DB7C46DB16BFC5074A369EEB2CD7F341EF75FA0C3CCBD"
"_staging\lesson2_formal_imagegen_20260826\formal_targets\16_扇形車庫_第2節正式教材圖檔_20260826\_QA證據\列印預覽\07_教師答案版_A5_portrait_預覽.png","02_第2節\_work\staging\lesson2_formal_imagegen_20260826\formal_targets\16_扇形車庫_第2節正式教材圖檔_20260826\_QA證據\列印預覽\07_教師答案版_A5_portrait_預覽.png","lesson2","1683084","C452A4B4FC44AD542E04490FFC3CD82D73D7153309C49451F1227E270A0D60C2"
"_staging\lesson2_formal_imagegen_20260826\formal_targets\16_扇形車庫_第2節正式教材圖檔_20260826\_QA證據\列印預覽\07_學生版_A5_portrait_預覽.png","02_第2節\_work\staging\lesson2_formal_imagegen_20260826\formal_targets\16_扇形車庫_第2節正式教材圖檔_20260826\_QA證據\列印預覽\07_學生版_A5_portrait_預覽.png","lesson2","1678613","F0E449E7EE1E7922A223B179E60C32D8192BDE0DF948204E035258746589CA8A"
"_staging\lesson2_formal_imagegen_20260826\formal_targets\16_扇形車庫_第2節正式教材圖檔_20260826\_QA證據\PDF回渲\01_學生PDF_7頁彩色回渲.png","02_第2節\_work\staging\lesson2_formal_imagegen_20260826\formal_targets\16_扇形車庫_第2節正式教材圖檔_20260826\_QA證據\PDF回渲\01_學生PDF_7頁彩色回渲.png","lesson2","2208911","BC7A7B334FC4FEDDEE834438AF9306686248203BD5C10336109A7B56D025A38B"
"_staging\lesson2_formal_imagegen_20260826\formal_targets\16_扇形車庫_第2節正式教材圖檔_20260826\_QA證據\PDF回渲\02_教師PDF_7頁彩色回渲.png","02_第2節\_work\staging\lesson2_formal_imagegen_20260826\formal_targets\16_扇形車庫_第2節正式教材圖檔_20260826\_QA證據\PDF回渲\02_教師PDF_7頁彩色回渲.png","lesson2","2223347","5CE1684EC12D9A2623A653870BE36031CD39C5B30740A6A09D9B6F9856E3C775"
"_staging\lesson2_formal_imagegen_20260826\formal_targets\16_扇形車庫_第2節正式教材圖檔_20260826\_QA證據\PDF回渲\03_學生PDF_7頁灰階回渲.png","02_第2節\_work\staging\lesson2_formal_imagegen_20260826\formal_targets\16_扇形車庫_第2節正式教材圖檔_20260826\_QA證據\PDF回渲\03_學生PDF_7頁灰階回渲.png","lesson2","1382412","72BFADFB698C3036D742848C2C0D2FB366D6B0EDB3FFBE8AEE7287D7C19AE43B"
"_staging\lesson2_formal_imagegen_20260826\formal_targets\16_扇形車庫_第2節正式教材圖檔_20260826\_QA證據\PDF回渲\04_教師PDF_7頁灰階回渲.png","02_第2節\_work\staging\lesson2_formal_imagegen_20260826\formal_targets\16_扇形車庫_第2節正式教材圖檔_20260826\_QA證據\PDF回渲\04_教師PDF_7頁灰階回渲.png","lesson2","1405137","8ECCDCD9EFD2E5DE95B20E4F9723F7F785ADE5D388F7D1384F6E3A399DA4CBCF"
"_staging\lesson2_formal_imagegen_20260826\formal_targets\16_扇形車庫_第2節正式教材圖檔_20260826\_QA證據\PDF回渲\render_student\student-1.png","02_第2節\_work\staging\lesson2_formal_imagegen_20260826\formal_targets\16_扇形車庫_第2節正式教材圖檔_20260826\_QA證據\PDF回渲\render_student\student-1.png","lesson2","1615866","80178AB3FB89F3F800DFC90FF57D1852F0723059AC9C22746566C62FB9C5CEC7"
"_staging\lesson2_formal_imagegen_20260826\formal_targets\16_扇形車庫_第2節正式教材圖檔_20260826\_QA證據\PDF回渲\render_student\student-2.png","02_第2節\_work\staging\lesson2_formal_imagegen_20260826\formal_targets\16_扇形車庫_第2節正式教材圖檔_20260826\_QA證據\PDF回渲\render_student\student-2.png","lesson2","1004136","61F13841D5830531F7DB33F13E50353CD3B04F8A59B56D9336BE1DF131397626"
"_staging\lesson2_formal_imagegen_20260826\formal_targets\16_扇形車庫_第2節正式教材圖檔_20260826\_QA證據\PDF回渲\render_student\student-3.png","02_第2節\_work\staging\lesson2_formal_imagegen_20260826\formal_targets\16_扇形車庫_第2節正式教材圖檔_20260826\_QA證據\PDF回渲\render_student\student-3.png","lesson2","482875","44F590F3B0C09D13BE01272B605B736D1A51A393B1A1555DF298C563A0D3517D"
"_staging\lesson2_formal_imagegen_20260826\formal_targets\16_扇形車庫_第2節正式教材圖檔_20260826\_QA證據\PDF回渲\render_student\student-4.png","02_第2節\_work\staging\lesson2_formal_imagegen_20260826\formal_targets\16_扇形車庫_第2節正式教材圖檔_20260826\_QA證據\PDF回渲\render_student\student-4.png","lesson2","1869234","917B89F43A572B905379991E83F32DF3987BA3BA7CD58484DD98BB27E44D61C6"
"_staging\lesson2_formal_imagegen_20260826\formal_targets\16_扇形車庫_第2節正式教材圖檔_20260826\_QA證據\PDF回渲\render_student\student-5.png","02_第2節\_work\staging\lesson2_formal_imagegen_20260826\formal_targets\16_扇形車庫_第2節正式教材圖檔_20260826\_QA證據\PDF回渲\render_student\student-5.png","lesson2","1523063","0A254A5BE1979D61B6B215F4E8BA50BEC174C2CEBDB6FD16AE083F49DB28E402"
"_staging\lesson2_formal_imagegen_20260826\formal_targets\16_扇形車庫_第2節正式教材圖檔_20260826\_QA證據\PDF回渲\render_student\student-6.png","02_第2節\_work\staging\lesson2_formal_imagegen_20260826\formal_targets\16_扇形車庫_第2節正式教材圖檔_20260826\_QA證據\PDF回渲\render_student\student-6.png","lesson2","837160","92EFB69F9690C4BDB000F28BE339E02A90E733992666AF5D7106B3C37BC91408"
"_staging\lesson2_formal_imagegen_20260826\formal_targets\16_扇形車庫_第2節正式教材圖檔_20260826\_QA證據\PDF回渲\render_student\student-7.png","02_第2節\_work\staging\lesson2_formal_imagegen_20260826\formal_targets\16_扇形車庫_第2節正式教材圖檔_20260826\_QA證據\PDF回渲\render_student\student-7.png","lesson2","1084015","BA4634070422DB44470870EAA457CC3D118C637E46055CECD3C55A54B9DF1FE0"
"_staging\lesson2_formal_imagegen_20260826\formal_targets\16_扇形車庫_第2節正式教材圖檔_20260826\_QA證據\PDF回渲\render_teacher\teacher-1.png","02_第2節\_work\staging\lesson2_formal_imagegen_20260826\formal_targets\16_扇形車庫_第2節正式教材圖檔_20260826\_QA證據\PDF回渲\render_teacher\teacher-1.png","lesson2","1528376","4513F3D788FD1ED871FB3E3B480C724339A276CDE0998E4602FCA868DB367E5D"
"_staging\lesson2_formal_imagegen_20260826\formal_targets\16_扇形車庫_第2節正式教材圖檔_20260826\_QA證據\PDF回渲\render_teacher\teacher-2.png","02_第2節\_work\staging\lesson2_formal_imagegen_20260826\formal_targets\16_扇形車庫_第2節正式教材圖檔_20260826\_QA證據\PDF回渲\render_teacher\teacher-2.png","lesson2","1001719","794B7363D61187E4701BA1680F3555AAE61BC9212C198ED08CF8E51E0F82F145"
"_staging\lesson2_formal_imagegen_20260826\formal_targets\16_扇形車庫_第2節正式教材圖檔_20260826\_QA證據\PDF回渲\render_teacher\teacher-3.png","02_第2節\_work\staging\lesson2_formal_imagegen_20260826\formal_targets\16_扇形車庫_第2節正式教材圖檔_20260826\_QA證據\PDF回渲\render_teacher\teacher-3.png","lesson2","482887","7FF70B912096E2D88076ECCC5D7DF20DE3F73B21488B9E49170608913E9111A1"
"_staging\lesson2_formal_imagegen_20260826\formal_targets\16_扇形車庫_第2節正式教材圖檔_20260826\_QA證據\PDF回渲\render_teacher\teacher-4.png","02_第2節\_work\staging\lesson2_formal_imagegen_20260826\formal_targets\16_扇形車庫_第2節正式教材圖檔_20260826\_QA證據\PDF回渲\render_teacher\teacher-4.png","lesson2","1872090","25F4D064B5AD9FB71AE12C43EBE73D9A20C2931C5A20821EF7DDDF62CD88B429"
"_staging\lesson2_formal_imagegen_20260826\formal_targets\16_扇形車庫_第2節正式教材圖檔_20260826\_QA證據\PDF回渲\render_teacher\teacher-5.png","02_第2節\_work\staging\lesson2_formal_imagegen_20260826\formal_targets\16_扇形車庫_第2節正式教材圖檔_20260826\_QA證據\PDF回渲\render_teacher\teacher-5.png","lesson2","1515750","4A0CBB6E4FBF20C4C92AAADDF2B755F035EA789BC5E36BA8F2C847DFD5E3E144"
"_staging\lesson2_formal_imagegen_20260826\formal_targets\16_扇形車庫_第2節正式教材圖檔_20260826\_QA證據\PDF回渲\render_teacher\teacher-6.png","02_第2節\_work\staging\lesson2_formal_imagegen_20260826\formal_targets\16_扇形車庫_第2節正式教材圖檔_20260826\_QA證據\PDF回渲\render_teacher\teacher-6.png","lesson2","839481","60415A826E7B11B7B749A7FA65BD99A0FCE7B76DE7C51131263AD1E82104F2C1"
"_staging\lesson2_formal_imagegen_20260826\formal_targets\16_扇形車庫_第2節正式教材圖檔_20260826\_QA證據\PDF回渲\render_teacher\teacher-7.png","02_第2節\_work\staging\lesson2_formal_imagegen_20260826\formal_targets\16_扇形車庫_第2節正式教材圖檔_20260826\_QA證據\PDF回渲\render_teacher\teacher-7.png","lesson2","1085538","1880170E42D52BA745870A164586BFE70D16B124042096D40B5233A9FAC6741D"
"_staging\lesson2_formal_imagegen_20260826\formal_targets\16_扇形車庫_第2節正式教材圖檔_20260826\00_教材清冊與列印說明.md","02_第2節\_work\staging\lesson2_formal_imagegen_20260826\formal_targets\16_扇形車庫_第2節正式教材圖檔_20260826\00_教材清冊與列印說明.md","lesson2","916","1369AA2CD26CE9893BA15435C6129049CCAEC722701DABB67A7C8EF405970AE5"
"_staging\lesson2_formal_imagegen_20260826\formal_targets\16_扇形車庫_第2節正式教材圖檔_20260826\01_教師答案版_A4直式_個人解密單.png","02_第2節\_work\staging\lesson2_formal_imagegen_20260826\formal_targets\16_扇形車庫_第2節正式教材圖檔_20260826\01_教師答案版_A4直式_個人解密單.png","lesson2","5631223","38C65F9A745788B9A778342EA480A00A52CCA2CE184ECF5E677812A2E40B3BDB"
"_staging\lesson2_formal_imagegen_20260826\formal_targets\16_扇形車庫_第2節正式教材圖檔_20260826\01_學生版_A4直式_個人解密單.png","02_第2節\_work\staging\lesson2_formal_imagegen_20260826\formal_targets\16_扇形車庫_第2節正式教材圖檔_20260826\01_學生版_A4直式_個人解密單.png","lesson2","5938301","A9A69951D582F0ED0E63BFD60003173E5EC2B9AD4253B75B12A59E536C5CE5E4"
"_staging\lesson2_formal_imagegen_20260826\formal_targets\16_扇形車庫_第2節正式教材圖檔_20260826\02_教師答案版_A5直式_四色圖例卡.png","02_第2節\_work\staging\lesson2_formal_imagegen_20260826\formal_targets\16_扇形車庫_第2節正式教材圖檔_20260826\02_教師答案版_A5直式_四色圖例卡.png","lesson2","4699066","D7A7285632EA5F77F23CF2F87FAEB8D019140090B6EC7C7C6DB70C253D0741E9"
"_staging\lesson2_formal_imagegen_20260826\formal_targets\16_扇形車庫_第2節正式教材圖檔_20260826\02_學生版_A5直式_四色圖例卡.png","02_第2節\_work\staging\lesson2_formal_imagegen_20260826\formal_targets\16_扇形車庫_第2節正式教材圖檔_20260826\02_學生版_A5直式_四色圖例卡.png","lesson2","4723612","FDC1201DE01367D51007CDDBA368992321495C22582F568BCAB898FB2A27F793"
"_staging\lesson2_formal_imagegen_20260826\formal_targets\16_扇形車庫_第2節正式教材圖檔_20260826\03_教師答案版_A6直式_三格出口票.png","02_第2節\_work\staging\lesson2_formal_imagegen_20260826\formal_targets\16_扇形車庫_第2節正式教材圖檔_20260826\03_教師答案版_A6直式_三格出口票.png","lesson2","2739689","80A083A05D8E10A6C6000583AEB72A7ED5C27E782CB166F83C378CD4A72FB2A0"
"_staging\lesson2_formal_imagegen_20260826\formal_targets\16_扇形車庫_第2節正式教材圖檔_20260826\03_學生版_A6直式_三格出口票.png","02_第2節\_work\staging\lesson2_formal_imagegen_20260826\formal_targets\16_扇形車庫_第2節正式教材圖檔_20260826\03_學生版_A6直式_三格出口票.png","lesson2","2765050","C5C37CABCB78DF8F92FD3212E71ABA4EEB4FF51791493D1D2DD3F56787B79596"
"_staging\lesson2_formal_imagegen_20260826\formal_targets\16_扇形車庫_第2節正式教材圖檔_20260826\04_教師答案版_A4橫式_何時構件功能三格圖示板.png","02_第2節\_work\staging\lesson2_formal_imagegen_20260826\formal_targets\16_扇形車庫_第2節正式教材圖檔_20260826\04_教師答案版_A4橫式_何時構件功能三格圖示板.png","lesson2","7625969","7DA8DD8A6E4266B08ACFE052BF3FD161439587E07C88424923BB02314784EE8D"
"_staging\lesson2_formal_imagegen_20260826\formal_targets\16_扇形車庫_第2節正式教材圖檔_20260826\04_學生版_A4橫式_何時構件功能三格圖示板.png","02_第2節\_work\staging\lesson2_formal_imagegen_20260826\formal_targets\16_扇形車庫_第2節正式教材圖檔_20260826\04_學生版_A4橫式_何時構件功能三格圖示板.png","lesson2","7669418","5026AC84B44B34B6E71907BC3D5F63753B10785D1F9E441D1CD1C7E22ED75E3A"
"_staging\lesson2_formal_imagegen_20260826\formal_targets\16_扇形車庫_第2節正式教材圖檔_20260826\05_教師答案版_A4直式_8張中文資料句條.png","02_第2節\_work\staging\lesson2_formal_imagegen_20260826\formal_targets\16_扇形車庫_第2節正式教材圖檔_20260826\05_教師答案版_A4直式_8張中文資料句條.png","lesson2","5840586","7D49E67ED53BBE3A5909C19C0D816931D43CD21F481EEEAE991363318F4BDF94"
"_staging\lesson2_formal_imagegen_20260826\formal_targets\16_扇形車庫_第2節正式教材圖檔_20260826\05_學生版_A4直式_8張中文資料句條.png","02_第2節\_work\staging\lesson2_formal_imagegen_20260826\formal_targets\16_扇形車庫_第2節正式教材圖檔_20260826\05_學生版_A4直式_8張中文資料句條.png","lesson2","5876083","3879AE365158F57E4A3AFCE7AFB64132C9013198DF8802B68896EE40FC037699"
"_staging\lesson2_formal_imagegen_20260826\formal_targets\16_扇形車庫_第2節正式教材圖檔_20260826\06_教師答案版_A5直式_4張英文句型卡.png","02_第2節\_work\staging\lesson2_formal_imagegen_20260826\formal_targets\16_扇形車庫_第2節正式教材圖檔_20260826\06_教師答案版_A5直式_4張英文句型卡.png","lesson2","3721022","9B1C8F95708657E34F600055C0717D16FC1C64950EB65DB9A8E1D26AB3FDA2AE"
"_staging\lesson2_formal_imagegen_20260826\formal_targets\16_扇形車庫_第2節正式教材圖檔_20260826\06_學生版_A5直式_4張英文句型卡.png","02_第2節\_work\staging\lesson2_formal_imagegen_20260826\formal_targets\16_扇形車庫_第2節正式教材圖檔_20260826\06_學生版_A5直式_4張英文句型卡.png","lesson2","3725883","BE0D54C9AF28EC79FA500B32099A8C994C68E21386DBB15E50A72B916B032094"
"_staging\lesson2_formal_imagegen_20260826\formal_targets\16_扇形車庫_第2節正式教材圖檔_20260826\07_教師答案版_A5直式_30秒導覽順序卡.png","02_第2節\_work\staging\lesson2_formal_imagegen_20260826\formal_targets\16_扇形車庫_第2節正式教材圖檔_20260826\07_教師答案版_A5直式_30秒導覽順序卡.png","lesson2","5534012","A27052AC014DECE9C47C6C0578D40221649F39BDBE8B4E51D3978D7DE44F651E"
"_staging\lesson2_formal_imagegen_20260826\formal_targets\16_扇形車庫_第2節正式教材圖檔_20260826\07_學生版_A5直式_30秒導覽順序卡.png","02_第2節\_work\staging\lesson2_formal_imagegen_20260826\formal_targets\16_扇形車庫_第2節正式教材圖檔_20260826\07_學生版_A5直式_30秒導覽順序卡.png","lesson2","5555706","016B5FCD122CF2CD7521F1E692AC838EDB2405C054396678037645A53B042762"
"_staging\lesson2_formal_imagegen_20260826\formal_targets\16_扇形車庫_第2節正式教材圖檔_20260826\manifest.json","02_第2節\_work\staging\lesson2_formal_imagegen_20260826\formal_targets\16_扇形車庫_第2節正式教材圖檔_20260826\manifest.json","lesson2","20045","2E9D1ACF94EDDC5856236132FAA1E0BD703E8751BEFD31A992649CE10EDA0593"
"_staging\lesson2_formal_imagegen_20260826\formal_targets\17_扇形車庫_第2節正式教材_教師確認與製作QA紀錄_20260826.md","02_第2節\_work\staging\lesson2_formal_imagegen_20260826\formal_targets\17_扇形車庫_第2節正式教材_教師確認與製作QA紀錄_20260826.md","lesson2","4073","855E0FD2C2CDE69C6D47994D72FBEA5A49D0D0346BABE60A35B985AE000B6295"
"_staging\lesson2_formal_imagegen_20260826\masters\01_個人解密單_ImageGen無字母版_採用.png","02_第2節\_work\staging\lesson2_formal_imagegen_20260826\masters\01_個人解密單_ImageGen無字母版_採用.png","lesson2","1949793","07F3A1D8859A0EFC340610E1F498AD5F52607D5735E1D7166E0E6AB0EA70CBD2"
"_staging\lesson2_formal_imagegen_20260826\masters\02_四色圖例卡_ImageGen無字母版_嘗試1_未採用_色彩順序錯誤.png","02_第2節\_work\staging\lesson2_formal_imagegen_20260826\masters\02_四色圖例卡_ImageGen無字母版_嘗試1_未採用_色彩順序錯誤.png","lesson2","2370199","B133118653546151FFABECAD35DA49EFDD14099268AC325BB7EB38E778DCBF46"
"_staging\lesson2_formal_imagegen_20260826\masters\02_四色圖例卡_ImageGen無字母版_嘗試2_採用.png","02_第2節\_work\staging\lesson2_formal_imagegen_20260826\masters\02_四色圖例卡_ImageGen無字母版_嘗試2_採用.png","lesson2","2235083","749DB900B9BB195657C3C98A18BCD651E0AFDC848117D3259CD342A8CC9F2537"
"_staging\lesson2_formal_imagegen_20260826\masters\03_三格出口票_ImageGen無字母版_嘗試1_採用.png","02_第2節\_work\staging\lesson2_formal_imagegen_20260826\masters\03_三格出口票_ImageGen無字母版_嘗試1_採用.png","lesson2","2178689","4AD1B509E651B5BDCF33B244122A9580179971EB034C876C7FBC9B88DEBD8809"
"_staging\lesson2_formal_imagegen_20260826\masters\04_何時構件功能三格圖示板_ImageGen無字母版_嘗試1_採用.png","02_第2節\_work\staging\lesson2_formal_imagegen_20260826\masters\04_何時構件功能三格圖示板_ImageGen無字母版_嘗試1_採用.png","lesson2","2249771","DF9ACBA728C9E74BE539FB416398F5035583B98BCAF770F2CD48053849D4CFB4"
"_staging\lesson2_formal_imagegen_20260826\masters\05_8張中文資料句條_ImageGen無字母版_嘗試1_未採用_卡片數錯誤.png","02_第2節\_work\staging\lesson2_formal_imagegen_20260826\masters\05_8張中文資料句條_ImageGen無字母版_嘗試1_未採用_卡片數錯誤.png","lesson2","2426055","9BEB68FC2CDB92B27507475FCD80198689CE4F9DE8BED8F8AB83EE7578923DC2"
"_staging\lesson2_formal_imagegen_20260826\masters\05_8張中文資料句條_ImageGen無字母版_嘗試2_未採用_時鐘數字.png","02_第2節\_work\staging\lesson2_formal_imagegen_20260826\masters\05_8張中文資料句條_ImageGen無字母版_嘗試2_未採用_時鐘數字.png","lesson2","2274238","72DB1CE148E6808F21CFF92E5D39AAABDD5F3E6CB22CDC661B88938D9C4740D4"
"_staging\lesson2_formal_imagegen_20260826\masters\05_8張中文資料句條_ImageGen無字母版_嘗試3_採用.png","02_第2節\_work\staging\lesson2_formal_imagegen_20260826\masters\05_8張中文資料句條_ImageGen無字母版_嘗試3_採用.png","lesson2","2168875","6B2904B080ED10DFCDC2627BFD9FA9232C682A2E796229AA438D6625E55B6A31"
"_staging\lesson2_formal_imagegen_20260826\masters\06_4張英文句型卡_ImageGen無字母版_嘗試1_未採用_車身似數字.png","02_第2節\_work\staging\lesson2_formal_imagegen_20260826\masters\06_4張英文句型卡_ImageGen無字母版_嘗試1_未採用_車身似數字.png","lesson2","1915785","0175DE1804B2BFFCA757B693FD2623FF8E9BCCC6E27D131F2F980D104E5390E7"
"_staging\lesson2_formal_imagegen_20260826\masters\06_4張英文句型卡_ImageGen無字母版_嘗試2_採用.png","02_第2節\_work\staging\lesson2_formal_imagegen_20260826\masters\06_4張英文句型卡_ImageGen無字母版_嘗試2_採用.png","lesson2","1872340","1E19CFF51BE84834DBE1A84E8AF93C073FEEBE888F7AF5ABCA6215720C3F513E"
"_staging\lesson2_formal_imagegen_20260826\masters\07_30秒導覽順序卡_ImageGen無字母版_嘗試1_採用.png","02_第2節\_work\staging\lesson2_formal_imagegen_20260826\masters\07_30秒導覽順序卡_ImageGen無字母版_嘗試1_採用.png","lesson2","2680351","355FE7D38B0B1AE1925F8497156E25EE2A58514602CA634B258838A8785506AA"
"_staging\lesson2_formal_imagegen_20260826\pages\教師答案版\01_教師答案版_A4直式_個人解密單.png","02_第2節\_work\staging\lesson2_formal_imagegen_20260826\pages\教師答案版\01_教師答案版_A4直式_個人解密單.png","lesson2","5631223","38C65F9A745788B9A778342EA480A00A52CCA2CE184ECF5E677812A2E40B3BDB"
"_staging\lesson2_formal_imagegen_20260826\pages\教師答案版\02_教師答案版_A5直式_四色圖例卡.png","02_第2節\_work\staging\lesson2_formal_imagegen_20260826\pages\教師答案版\02_教師答案版_A5直式_四色圖例卡.png","lesson2","4699066","D7A7285632EA5F77F23CF2F87FAEB8D019140090B6EC7C7C6DB70C253D0741E9"
"_staging\lesson2_formal_imagegen_20260826\pages\教師答案版\03_教師答案版_A6直式_三格出口票.png","02_第2節\_work\staging\lesson2_formal_imagegen_20260826\pages\教師答案版\03_教師答案版_A6直式_三格出口票.png","lesson2","2739689","80A083A05D8E10A6C6000583AEB72A7ED5C27E782CB166F83C378CD4A72FB2A0"
"_staging\lesson2_formal_imagegen_20260826\pages\教師答案版\04_教師答案版_A4橫式_何時構件功能三格圖示板.png","02_第2節\_work\staging\lesson2_formal_imagegen_20260826\pages\教師答案版\04_教師答案版_A4橫式_何時構件功能三格圖示板.png","lesson2","7625969","7DA8DD8A6E4266B08ACFE052BF3FD161439587E07C88424923BB02314784EE8D"
"_staging\lesson2_formal_imagegen_20260826\pages\教師答案版\05_教師答案版_A4直式_8張中文資料句條.png","02_第2節\_work\staging\lesson2_formal_imagegen_20260826\pages\教師答案版\05_教師答案版_A4直式_8張中文資料句條.png","lesson2","5840586","7D49E67ED53BBE3A5909C19C0D816931D43CD21F481EEEAE991363318F4BDF94"
"_staging\lesson2_formal_imagegen_20260826\pages\教師答案版\06_教師答案版_A5直式_4張英文句型卡.png","02_第2節\_work\staging\lesson2_formal_imagegen_20260826\pages\教師答案版\06_教師答案版_A5直式_4張英文句型卡.png","lesson2","3721022","9B1C8F95708657E34F600055C0717D16FC1C64950EB65DB9A8E1D26AB3FDA2AE"
"_staging\lesson2_formal_imagegen_20260826\pages\教師答案版\07_教師答案版_A5直式_30秒導覽順序卡.png","02_第2節\_work\staging\lesson2_formal_imagegen_20260826\pages\教師答案版\07_教師答案版_A5直式_30秒導覽順序卡.png","lesson2","5534012","A27052AC014DECE9C47C6C0578D40221649F39BDBE8B4E51D3978D7DE44F651E"
"_staging\lesson2_formal_imagegen_20260826\pages\學生版\01_學生版_A4直式_個人解密單.png","02_第2節\_work\staging\lesson2_formal_imagegen_20260826\pages\學生版\01_學生版_A4直式_個人解密單.png","lesson2","5938301","A9A69951D582F0ED0E63BFD60003173E5EC2B9AD4253B75B12A59E536C5CE5E4"
"_staging\lesson2_formal_imagegen_20260826\pages\學生版\02_學生版_A5直式_四色圖例卡.png","02_第2節\_work\staging\lesson2_formal_imagegen_20260826\pages\學生版\02_學生版_A5直式_四色圖例卡.png","lesson2","4723612","FDC1201DE01367D51007CDDBA368992321495C22582F568BCAB898FB2A27F793"
"_staging\lesson2_formal_imagegen_20260826\pages\學生版\03_學生版_A6直式_三格出口票.png","02_第2節\_work\staging\lesson2_formal_imagegen_20260826\pages\學生版\03_學生版_A6直式_三格出口票.png","lesson2","2765050","C5C37CABCB78DF8F92FD3212E71ABA4EEB4FF51791493D1D2DD3F56787B79596"
"_staging\lesson2_formal_imagegen_20260826\pages\學生版\04_學生版_A4橫式_何時構件功能三格圖示板.png","02_第2節\_work\staging\lesson2_formal_imagegen_20260826\pages\學生版\04_學生版_A4橫式_何時構件功能三格圖示板.png","lesson2","7669418","5026AC84B44B34B6E71907BC3D5F63753B10785D1F9E441D1CD1C7E22ED75E3A"
"_staging\lesson2_formal_imagegen_20260826\pages\學生版\05_學生版_A4直式_8張中文資料句條.png","02_第2節\_work\staging\lesson2_formal_imagegen_20260826\pages\學生版\05_學生版_A4直式_8張中文資料句條.png","lesson2","5876083","3879AE365158F57E4A3AFCE7AFB64132C9013198DF8802B68896EE40FC037699"
"_staging\lesson2_formal_imagegen_20260826\pages\學生版\06_學生版_A5直式_4張英文句型卡.png","02_第2節\_work\staging\lesson2_formal_imagegen_20260826\pages\學生版\06_學生版_A5直式_4張英文句型卡.png","lesson2","3725883","BE0D54C9AF28EC79FA500B32099A8C994C68E21386DBB15E50A72B916B032094"
"_staging\lesson2_formal_imagegen_20260826\pages\學生版\07_學生版_A5直式_30秒導覽順序卡.png","02_第2節\_work\staging\lesson2_formal_imagegen_20260826\pages\學生版\07_學生版_A5直式_30秒導覽順序卡.png","lesson2","5555706","016B5FCD122CF2CD7521F1E692AC838EDB2405C054396678037645A53B042762"
"_staging\lesson2_formal_imagegen_20260826\qa\01_學生版_7頁彩色接觸表.png","02_第2節\_work\staging\lesson2_formal_imagegen_20260826\qa\01_學生版_7頁彩色接觸表.png","lesson2","1952729","631A2F7287B76CB097305A16F4C3C0222797DCD6140924A040C8A31C59C5826F"
"_staging\lesson2_formal_imagegen_20260826\qa\02_學生版_7頁灰階接觸表.png","02_第2節\_work\staging\lesson2_formal_imagegen_20260826\qa\02_學生版_7頁灰階接觸表.png","lesson2","1193331","8DA2AD553D877888BBECF8CF6C16436ED8E06995109C18163542690459EFE9A4"
"_staging\lesson2_formal_imagegen_20260826\qa\03_教師答案版_7頁彩色接觸表.png","02_第2節\_work\staging\lesson2_formal_imagegen_20260826\qa\03_教師答案版_7頁彩色接觸表.png","lesson2","1965564","AE9E971406AB72EDEFDE08171F7E6E9797F0B133987CE6EE6411D0A5B55CEFCC"
"_staging\lesson2_formal_imagegen_20260826\qa\04_教師答案版_7頁灰階接觸表.png","02_第2節\_work\staging\lesson2_formal_imagegen_20260826\qa\04_教師答案版_7頁灰階接觸表.png","lesson2","1213416","6C1C616D270153C5F4735E18F8E9436086E1A3EEFAC25848F9D7DE7D5BED4983"
"_staging\lesson2_formal_imagegen_20260826\qa\05_第2節ImageGen整批頁面_manifest.json","02_第2節\_work\staging\lesson2_formal_imagegen_20260826\qa\05_第2節ImageGen整批頁面_manifest.json","lesson2","68227","4204C5017EEE582AFAE936EEE229048FFB07C75E3883D236A2753F01783F5568"
"_staging\lesson2_formal_imagegen_20260826\qa\列印預覽\01_教師答案版_A4_portrait_預覽.png","02_第2節\_work\staging\lesson2_formal_imagegen_20260826\qa\列印預覽\01_教師答案版_A4_portrait_預覽.png","lesson2","2090328","F473E09FF929301E55C37C6F32B8FC684EDEAD798D4594F8A76B0B0E727546ED"
"_staging\lesson2_formal_imagegen_20260826\qa\列印預覽\01_學生版_A4_portrait_預覽.png","02_第2節\_work\staging\lesson2_formal_imagegen_20260826\qa\列印預覽\01_學生版_A4_portrait_預覽.png","lesson2","2583207","1E6A51025CCCA4DE1EDAF8223336FBFBF28409EB5B2F445F2FE8F5E10284A5DA"
"_staging\lesson2_formal_imagegen_20260826\qa\列印預覽\02_教師答案版_A5_portrait_預覽.png","02_第2節\_work\staging\lesson2_formal_imagegen_20260826\qa\列印預覽\02_教師答案版_A5_portrait_預覽.png","lesson2","1556775","5835AFCFE4E33792CA5E209F85D7DE8C6E2D504FB52EE19AC0ED563D0A545687"
"_staging\lesson2_formal_imagegen_20260826\qa\列印預覽\02_學生版_A5_portrait_預覽.png","02_第2節\_work\staging\lesson2_formal_imagegen_20260826\qa\列印預覽\02_學生版_A5_portrait_預覽.png","lesson2","1559741","7F75CA94AD238A07CC9D69DF171148F1F4F2D5BDD28196E35F907625A9E1CF01"
"_staging\lesson2_formal_imagegen_20260826\qa\列印預覽\03_教師答案版_A6_portrait_預覽.png","02_第2節\_work\staging\lesson2_formal_imagegen_20260826\qa\列印預覽\03_教師答案版_A6_portrait_預覽.png","lesson2","1498667","857792F77F7D2B268A4A948482AC0E0080D3192D3838CAC6D849411D2E4B6254"
"_staging\lesson2_formal_imagegen_20260826\qa\列印預覽\03_學生版_A6_portrait_預覽.png","02_第2節\_work\staging\lesson2_formal_imagegen_20260826\qa\列印預覽\03_學生版_A6_portrait_預覽.png","lesson2","1498961","44897D1FE8CD5A7421521C4A32A56F44C2CDC2171B0D8AFE0922451FC725EE8B"
"_staging\lesson2_formal_imagegen_20260826\qa\列印預覽\04_教師答案版_A4_landscape_預覽.png","02_第2節\_work\staging\lesson2_formal_imagegen_20260826\qa\列印預覽\04_教師答案版_A4_landscape_預覽.png","lesson2","1801519","9D7EE295D8EA44C82DF4B90A76611F670F373882CBA9E031B480ACF6E2CBF4D1"
"_staging\lesson2_formal_imagegen_20260826\qa\列印預覽\04_學生版_A4_landscape_預覽.png","02_第2節\_work\staging\lesson2_formal_imagegen_20260826\qa\列印預覽\04_學生版_A4_landscape_預覽.png","lesson2","1790482","924913BAD84A9DD6D45393FE4AB48A776514EC3BE459116F558AC7ED99D71D0B"
"_staging\lesson2_formal_imagegen_20260826\qa\列印預覽\05_教師答案版_A4_portrait_預覽.png","02_第2節\_work\staging\lesson2_formal_imagegen_20260826\qa\列印預覽\05_教師答案版_A4_portrait_預覽.png","lesson2","1270652","2BA95F10B440F54B6C9DD6F8D5AAE2B2AEAA2491AB5BA58F3491E26A675E9692"
"_staging\lesson2_formal_imagegen_20260826\qa\列印預覽\05_學生版_A4_portrait_預覽.png","02_第2節\_work\staging\lesson2_formal_imagegen_20260826\qa\列印預覽\05_學生版_A4_portrait_預覽.png","lesson2","1271982","4F5D7255690047E6724025780FE993A29CDFBC0886B59B79B0937F4F1A866B44"
"_staging\lesson2_formal_imagegen_20260826\qa\列印預覽\06_教師答案版_A5_portrait_預覽.png","02_第2節\_work\staging\lesson2_formal_imagegen_20260826\qa\列印預覽\06_教師答案版_A5_portrait_預覽.png","lesson2","1331470","1F947B17D68F3841E295F5A2853D4804FC47DF826CA5C87BA9B421A3B71FA425"
"_staging\lesson2_formal_imagegen_20260826\qa\列印預覽\06_學生版_A5_portrait_預覽.png","02_第2節\_work\staging\lesson2_formal_imagegen_20260826\qa\列印預覽\06_學生版_A5_portrait_預覽.png","lesson2","1326449","47D44228A6D9FBDF257DB7C46DB16BFC5074A369EEB2CD7F341EF75FA0C3CCBD"
"_staging\lesson2_formal_imagegen_20260826\qa\列印預覽\07_教師答案版_A5_portrait_預覽.png","02_第2節\_work\staging\lesson2_formal_imagegen_20260826\qa\列印預覽\07_教師答案版_A5_portrait_預覽.png","lesson2","1683084","C452A4B4FC44AD542E04490FFC3CD82D73D7153309C49451F1227E270A0D60C2"
"_staging\lesson2_formal_imagegen_20260826\qa\列印預覽\07_學生版_A5_portrait_預覽.png","02_第2節\_work\staging\lesson2_formal_imagegen_20260826\qa\列印預覽\07_學生版_A5_portrait_預覽.png","lesson2","1678613","F0E449E7EE1E7922A223B179E60C32D8192BDE0DF948204E035258746589CA8A"
"_work\build_lesson2_formal_imagegen_package.py","02_第2節\_work\build_lesson2_formal_imagegen_package.py","lesson2","19727","62BCFA786CFC2D92E8519356F5FCE999E73E9FDA6F09737159F83FA2E60C249E"
"_work\build_lesson2_formal_materials.py","02_第2節\_work\build_lesson2_formal_materials.py","lesson2","46161","400C9DBBD861A181545EA01CA5CF9856DDB9E8A747D46B02FAE57DB949D2CB80"
"_work\build_lesson2_imagegen_full_batch.py","02_第2節\_work\build_lesson2_imagegen_full_batch.py","lesson2","35969","A936E779C9F64A1B84E9E94FAFDBB8D0979B5E2B2E0B00F5970A06DED3C57CE0"
"_work\build_lesson2_imagegen_pilot.py","02_第2節\_work\build_lesson2_imagegen_pilot.py","lesson2","19154","2F944392ACA731CCE50A1BD72FF96C569FC1ED9681D7A7AE7683FB10BE1C8FC6"
"_work\build_lesson2_imagegen_student_revision.py","02_第2節\_work\build_lesson2_imagegen_student_revision.py","lesson2","36045","B1C5938F7883C2D3BEA2A0F6B64903FB64F3335A3F24DD832F53EB380455B383"
"_work\build_lesson2_style_reference_board.py","02_第2節\_work\build_lesson2_style_reference_board.py","lesson2","1838","F57BB706CE4CB052561ADE801829EE2AC9AE029936B55C61D71052A98565DD75"
"_work\build_lesson2_teacher_formal_overlay.py","02_第2節\_work\build_lesson2_teacher_formal_overlay.py","lesson2","18763","2B665D438173C0999431D3754FA9590DED475D25E39C4BDF996CE4914389E54F"
"_work\build_lesson2_teacher_imagegen_stop_qa.py","02_第2節\_work\build_lesson2_teacher_imagegen_stop_qa.py","lesson2","16672","D27CBE23935442A9DD49732E66415FC9507E86BCE666C4994AE76F43CBCEBBE9"
"_work\lesson1_materials\build_teacher_pause_cue.py","01_第1節\_work\lesson1_materials\build_teacher_pause_cue.py","lesson1","14794","A763E31BBB641F1F909DA1AF346990AD8F3AA0D7CA0B4B178896208297AAC5D0"
"_work\lesson1_materials\count_dark_door_intervals.py","01_第1節\_work\lesson1_materials\count_dark_door_intervals.py","lesson1","766","1CFDE4F2C557633136FB12612F3208E3327F9228C8004F53ECB03E5F54D2CFFE"
"_work\lesson1_materials\postprocess_images.py","01_第1節\_work\lesson1_materials\postprocess_images.py","lesson1","2593","B387512084BB121B13A06514087C03C0DB6372AB8BA76486E801326B4E2FCD0E"
"_work\lesson1_sample\artifact.md","01_第1節\_work\lesson1_sample\artifact.md","lesson1","2587","3C206B75A85127CC89F2F771631D917F59461A703379382373CAD46B22C655F4"
"_work\lesson1_sample\build_lesson1_sample.py","01_第1節\_work\lesson1_sample\build_lesson1_sample.py","lesson1","18774","0C9702DEF69D030E4E16FAF2224567308BB7BBE72D4748EA028F52E8DF78C96E"
"_work\lesson1_sample\extract_storyboard.py","01_第1節\_work\lesson1_sample\extract_storyboard.py","lesson1","1923","A17C456978DE2BA5039FA84A82B7079EC6F71B68F2D022D7A96142F2922920DC"
"_work\lesson1_sample\make_storyboard_contact_sheets.py","01_第1節\_work\lesson1_sample\make_storyboard_contact_sheets.py","lesson1","1387","12C531598651AB31C0F6F31F4D7084C32D23F18F64C46C540D30D156F4E2F1E4"
"_work\lesson1_sample\verify_lesson1_sample.py","01_第1節\_work\lesson1_sample\verify_lesson1_sample.py","lesson1","5186","563CAFED98E28CCD6A28322935B48C74956A971F671437306FBDE291521F304A"
"_work\lesson2_imagegen_revision\style_references_2x2.png","02_第2節\_work\lesson2_imagegen_revision\style_references_2x2.png","lesson2","2049232","6366D4C58C34D76F2B5A82BDC7771C84045F9B83F1CE055ACD5B7A320E48D278"
"_work\lesson2_sample\artifact.md","02_第2節\_work\lesson2_sample\artifact.md","lesson2","3965","998B4369DB960D93881AD2F3E821A35862A06EFA5D266FD6EBB30810F71E4CF5"
"_work\lesson2_sample\build_lesson2_sample.py","02_第2節\_work\lesson2_sample\build_lesson2_sample.py","lesson2","19092","F9452D0A290048D0B29A61F68139A2D1E68265CB8F68837E91C8BDE4F8387805"
"_work\lesson2_sample\draw_lesson2_material_sketches.py","02_第2節\_work\lesson2_sample\draw_lesson2_material_sketches.py","lesson2","23240","80930D6089196D886E4AC55E04FB7D87FB9268F64E12FFAC1ECB3033DCCE4723"
"_work\lesson2_sample\label_lesson2_style_board.py","02_第2節\_work\lesson2_sample\label_lesson2_style_board.py","lesson2","2754","88DE1030F4D7279FDABDC340AF12BBA742D2E41032B010AE78B93724EF8B4446"
"_work\lesson2_sample\lesson2_data.py","02_第2節\_work\lesson2_sample\lesson2_data.py","lesson2","12750","513028F7CC7807900E15D8906B15B2E67786B9920CD4860FF67633CC0787A941"
"_work\lesson2_sample\verify_lesson2_sample.py","02_第2節\_work\lesson2_sample\verify_lesson2_sample.py","lesson2","7702","86FAEE8C12A176F239BFBCEF63A67143954A24D6A53819E8286C5D224A9BAC23"
"_work\transactional_swap_lesson2_formal_14_17.py","02_第2節\_work\transactional_swap_lesson2_formal_14_17.py","lesson2","10570","A40847A6B976787D3356AFE8D4EAB15561CB238EA38AF38E8A1B97A35EBBE2CC"
"_work\verify_lesson2_formal_14_17.py","02_第2節\_work\verify_lesson2_formal_14_17.py","lesson2","8821","907FDCFEF9FA96FC8EC39D38839ABB53DD0C8D1D80BABF260A96407B436218CA"
"00_工作索引.md","00_工作索引.md","shared","8163","CD013ED266607A7BBDBA70BD5C4F7BAF87E32E8A6B845C8CEA48EAD4EF1F9DD1"
"01_扇形車庫_來源追溯與設計決定.md","01_扇形車庫_來源追溯與設計決定.md","shared","9543","EEBBF1C1FE9A208BB0CBCB8480683CA933694490E02CA2059DEF002760312178"
"02_扇形車庫_2節骨架.md","02_扇形車庫_2節骨架.md","shared","7856","75550026DC0E6D4BF824E1AEE2F7B54FCDE2810FC765FCD671C9435066E8EE2C"
"03_扇形車庫_第1節四階段詳案樣稿_20260825.docx","01_第1節\03_扇形車庫_第1節四階段詳案樣稿_20260825.docx","lesson1","40090","8EE4FB26E2CDA44810E718CDC73099EDAD9DB17A1CACA5BEEA55E92F51729859"
"03_扇形車庫_第1節四階段詳案樣稿_內容與追溯.md","01_第1節\03_扇形車庫_第1節四階段詳案樣稿_內容與追溯.md","lesson1","4442","83197E8D443637F8FBBF0AFDE6180B9290D3DD7119DD72EAD47D31D9D0884F49"
"04_扇形車庫_第1節四階段詳案樣稿_清楚活動版_20260825.docx","01_第1節\04_扇形車庫_第1節四階段詳案樣稿_清楚活動版_20260825.docx","lesson1","48811","7F155266F4EC4D47E3C7654093C33DE6AEA9A7D30FB4F8A1564D6A9D2FE88E19"
"05_扇形車庫_第1節教材草稿_影片Kahoot與圖片提示詞_20260825.md","01_第1節\05_扇形車庫_第1節教材草稿_影片Kahoot與圖片提示詞_20260825.md","lesson1","11588","715E84A81E222032CE82EC871F8C0991B0A59B405ACB8BD49910072404C5C9AC"
"06_扇形車庫_影片Kahoot_教師暫停提示表_20260825.docx","01_第1節\06_扇形車庫_影片Kahoot_教師暫停提示表_20260825.docx","lesson1","40883","E16B874FF7116379ED215A70D91BC9FA165FBDC64AD0B1CC504034B0F904266D"
"07_扇形車庫_Kahoot題目匯入表_20260825.xlsx","01_第1節\07_扇形車庫_Kahoot題目匯入表_20260825.xlsx","lesson1","26937","B6E550C16CF661B52A5A25413405869BCE7E9FB0749CA2A03C3130D9B5D77306"
"08_扇形車庫_第1節圖片教材_20260825\01_轉車台局部圖.png","01_第1節\08_扇形車庫_第1節圖片教材_20260825\01_轉車台局部圖.png","lesson1","4225246","F06E6D6CA86BC3A25876EF9E276EB18BD02BA933050008986ABE81F4DB6D808F"
"08_扇形車庫_第1節圖片教材_20260825\02_放射狀軌道局部圖.png","01_第1節\08_扇形車庫_第1節圖片教材_20260825\02_放射狀軌道局部圖.png","lesson1","4351472","5B31470AE52ABEF7CC9540335856D6242794D0991B9684A29B3436D703F2255D"
"08_扇形車庫_第1節圖片教材_20260825\03_車庫門局部圖.png","01_第1節\08_扇形車庫_第1節圖片教材_20260825\03_車庫門局部圖.png","lesson1","3407333","A0B7EB1BD4864296A64FEDC7C30C4B0E13CEB46A3F02A6B607455C890249D71B"
"08_扇形車庫_第1節圖片教材_20260825\04_火車頭局部圖.png","01_第1節\08_扇形車庫_第1節圖片教材_20260825\04_火車頭局部圖.png","lesson1","3626727","5592DA86A2CF642A69DC1358F18BBAAEBA61857538B986626661E99294F854EE"
"08_扇形車庫_第1節圖片教材_20260825\05_扇形車庫無文字全景圖.png","01_第1節\08_扇形車庫_第1節圖片教材_20260825\05_扇形車庫無文字全景圖.png","lesson1","17560162","885D372961C69216DEC0DC194A3F52D46832A82CE2829AA16D25C2CA123D9822"
"08_扇形車庫_第1節圖片教材_20260825\圖片生成與QA紀錄.md","01_第1節\08_扇形車庫_第1節圖片教材_20260825\圖片生成與QA紀錄.md","lesson1","4796","425A96AB773EECAC9DBBDEF53C4D540A3F3C23F47FE30F7804122528E6D85CF0"
"09_扇形車庫_第2節四階段詳案樣稿_20260826.docx","02_第2節\09_扇形車庫_第2節四階段詳案樣稿_20260826.docx","lesson2","42790","FE200616B7BA09C36843E96C2BBEDF60F75CCBD0CF01EA32FDAB998DD2EB7C82"
"09_扇形車庫_第2節四階段詳案樣稿_內容與追溯_20260826.md","02_第2節\09_扇形車庫_第2節四階段詳案樣稿_內容與追溯_20260826.md","lesson2","4924","B3B935A1B0CD4179229F0448E486DAD599C6C66B1D83D90781BF59AAB18F7BFA"
"10_扇形車庫_第2節四階段詳案樣稿_依教師回饋修訂版_20260826.docx","02_第2節\10_扇形車庫_第2節四階段詳案樣稿_依教師回饋修訂版_20260826.docx","lesson2","320309","14167264BF17EF08A4896C97B2BA963BFA4F414705E2929723EA9E0D326F6FCC"
"10_扇形車庫_第2節四階段詳案樣稿_依教師回饋修訂版_內容與追溯_20260826.md","02_第2節\10_扇形車庫_第2節四階段詳案樣稿_依教師回饋修訂版_內容與追溯_20260826.md","lesson2","4357","72A08A17AD67E14035634D169888A637DD231EC79CDF9085A917963E09FF3179"
"11_扇形車庫_第2節詳案理解用手作教材草圖_20260826\00_草圖說明.md","02_第2節\11_扇形車庫_第2節詳案理解用手作教材草圖_20260826\00_草圖說明.md","lesson2","680","C1AC43AE88BB44F03EB881B1FA3B5B03F15CD9CE02336828486EBB02C69F7DF0"
"11_扇形車庫_第2節詳案理解用手作教材草圖_20260826\01_個人解密單_詳案理解草圖.png","02_第2節\11_扇形車庫_第2節詳案理解用手作教材草圖_20260826\01_個人解密單_詳案理解草圖.png","lesson2","127741","65162539291FD907707BFB2029DF0FE661F601C965EBA70C4B23DD134A0D8804"
"11_扇形車庫_第2節詳案理解用手作教材草圖_20260826\02_四色圖例卡_詳案理解草圖.png","02_第2節\11_扇形車庫_第2節詳案理解用手作教材草圖_20260826\02_四色圖例卡_詳案理解草圖.png","lesson2","84189","5B7430103FCD81CC17532286087C44C6D7F2B942569B6B77736A2AF743E067E5"
"11_扇形車庫_第2節詳案理解用手作教材草圖_20260826\03_三格出口票_詳案理解草圖.png","02_第2節\11_扇形車庫_第2節詳案理解用手作教材草圖_20260826\03_三格出口票_詳案理解草圖.png","lesson2","64138","1AB9966BB756F350BE88F03154166AEB1EB2C8C4D73779DD27B9DCF0A1D07164"
"12_扇形車庫_第2節四階段詳案樣稿_審查標題與七類教材草圖版_20260826.docx","02_第2節\12_扇形車庫_第2節四階段詳案樣稿_審查標題與七類教材草圖版_20260826.docx","lesson2","2582010","F0627525771DC036104FD6551743AB3E84524D341B95D1DD766F5B68A818547C"
"12_扇形車庫_第2節四階段詳案樣稿_審查標題與七類教材草圖版_內容與追溯_20260826.md","02_第2節\12_扇形車庫_第2節四階段詳案樣稿_審查標題與七類教材草圖版_內容與追溯_20260826.md","lesson2","5403","D583EE2D28A950811C5EDDE4B109B28E30C3432329ADE7CEC396C30BB08FC521"
"13_扇形車庫_第2節七類教材草圖與風格比較_20260826\00_草圖說明.md","02_第2節\13_扇形車庫_第2節七類教材草圖與風格比較_20260826\00_草圖說明.md","lesson2","2375","A0E61C20524B10E2404F10B9F03EC412FF61E1ADDCF64D61FC0A600BA488D727"
"13_扇形車庫_第2節七類教材草圖與風格比較_20260826\01_個人解密單_詳案理解草圖.png","02_第2節\13_扇形車庫_第2節七類教材草圖與風格比較_20260826\01_個人解密單_詳案理解草圖.png","lesson2","127291","9B609EA4B81EE9E4BEE344228FEB59190E366C0E3DB30CEA2B613FCADC5B02E6"
"13_扇形車庫_第2節七類教材草圖與風格比較_20260826\02_四色圖例卡_詳案理解草圖.png","02_第2節\13_扇形車庫_第2節七類教材草圖與風格比較_20260826\02_四色圖例卡_詳案理解草圖.png","lesson2","90358","57A3582733C2A3C8B2E5E702F6CFDBCEE1A07649024D9B90641A1ED2D7507F6D"
"13_扇形車庫_第2節七類教材草圖與風格比較_20260826\03_三格出口票_詳案理解草圖.png","02_第2節\13_扇形車庫_第2節七類教材草圖與風格比較_20260826\03_三格出口票_詳案理解草圖.png","lesson2","83938","7718BD9B6DB10C2C705624D21B0FA9E69AB55287D1DE4742A8EB089B20BA5AB0"
"13_扇形車庫_第2節七類教材草圖與風格比較_20260826\04_何時構件功能三格圖示板_詳案理解草圖.png","02_第2節\13_扇形車庫_第2節七類教材草圖與風格比較_20260826\04_何時構件功能三格圖示板_詳案理解草圖.png","lesson2","105391","868ED1FBB6D2E5D358DFB111D54F022CACCC2B97FF9393A8451901DB9DD11EA6"
"13_扇形車庫_第2節七類教材草圖與風格比較_20260826\05_中文資料句條8張_詳案理解草圖.png","02_第2節\13_扇形車庫_第2節七類教材草圖與風格比較_20260826\05_中文資料句條8張_詳案理解草圖.png","lesson2","115774","497A7F874D15EA7D04747F848469F7B73E91E8BAB332F3F2DDA5BFD8390119B4"
"13_扇形車庫_第2節七類教材草圖與風格比較_20260826\06_英文句型卡4張_詳案理解草圖.png","02_第2節\13_扇形車庫_第2節七類教材草圖與風格比較_20260826\06_英文句型卡4張_詳案理解草圖.png","lesson2","83809","F6821826C0FB7F3F4E61ABF2732A6D7829F8CAFEEB0B77BBD7644CCB37A73785"
"13_扇形車庫_第2節七類教材草圖與風格比較_20260826\07_30秒導覽順序卡_詳案理解草圖.png","02_第2節\13_扇形車庫_第2節七類教材草圖與風格比較_20260826\07_30秒導覽順序卡_詳案理解草圖.png","lesson2","108138","7448B9D02575071E55730CDAC142462DE3A4AD06C0A294B8EF49942CCACC127A"
"13_扇形車庫_第2節七類教材草圖與風格比較_20260826\08_火車小偵探五風格比較板_教師選擇用.png","02_第2節\13_扇形車庫_第2節七類教材草圖與風格比較_20260826\08_火車小偵探五風格比較板_教師選擇用.png","lesson2","1821055","00B59072CB67CC32260E5C6B2E6429E96CD570BE6B65DD7EA6F9434F507CFAD2"
"14_扇形車庫_第2節正式教材_學生版_20260826.pdf","02_第2節\14_扇形車庫_第2節正式教材_學生版_20260826.pdf","lesson2","75462122","E59F7B237555D6167858F7B83FFF17096BD1068E20CB05C5411FFB7C436BB36E"
"15_扇形車庫_第2節正式教材_教師答案版_20260826.pdf","02_第2節\15_扇形車庫_第2節正式教材_教師答案版_20260826.pdf","lesson2","74269074","F79BB242679D12D3A9B995A3CD3AFBB1F6AB240BE6C94F8483BD64D3C62D7EC2"
"16_扇形車庫_第2節正式教材圖檔_20260826\_重建與追溯\06_ImageGen與覆排修復追溯_20260826.md","02_第2節\16_扇形車庫_第2節正式教材圖檔_20260826\_重建與追溯\06_ImageGen與覆排修復追溯_20260826.md","lesson2","9696","F391679E425152EEC189E2F30E08444617E1E3108FED792CF76EDAAAC0A22F35"
"16_扇形車庫_第2節正式教材圖檔_20260826\_重建與追溯\build_lesson2_formal_imagegen_package.py","02_第2節\16_扇形車庫_第2節正式教材圖檔_20260826\_重建與追溯\build_lesson2_formal_imagegen_package.py","lesson2","19727","62BCFA786CFC2D92E8519356F5FCE999E73E9FDA6F09737159F83FA2E60C249E"
"16_扇形車庫_第2節正式教材圖檔_20260826\_重建與追溯\build_lesson2_imagegen_full_batch.py","02_第2節\16_扇形車庫_第2節正式教材圖檔_20260826\_重建與追溯\build_lesson2_imagegen_full_batch.py","lesson2","35969","A936E779C9F64A1B84E9E94FAFDBB8D0979B5E2B2E0B00F5970A06DED3C57CE0"
"16_扇形車庫_第2節正式教材圖檔_20260826\_重建與追溯\build_lesson2_teacher_formal_overlay.py","02_第2節\16_扇形車庫_第2節正式教材圖檔_20260826\_重建與追溯\build_lesson2_teacher_formal_overlay.py","lesson2","18763","2B665D438173C0999431D3754FA9590DED475D25E39C4BDF996CE4914389E54F"
"16_扇形車庫_第2節正式教材圖檔_20260826\_assets\Comic Relief\comic-relief-font.md","02_第2節\16_扇形車庫_第2節正式教材圖檔_20260826\_assets\Comic Relief\comic-relief-font.md","lesson2","1683","7BA4463AF47C6DD4A245BCC7ADB31415C468B2F404A0C6BB89007FB05CF6A55D"
"16_扇形車庫_第2節正式教材圖檔_20260826\_assets\Comic Relief\ComicRelief-Regular.ttf","02_第2節\16_扇形車庫_第2節正式教材圖檔_20260826\_assets\Comic Relief\ComicRelief-Regular.ttf","lesson2","80324","9EF4958AB06385D91F635F83A15569786B243F9D010CFB3F9A5CDDA593C7BC22"
"16_扇形車庫_第2節正式教材圖檔_20260826\_assets\Comic Relief\OFL.txt","02_第2節\16_扇形車庫_第2節正式教材圖檔_20260826\_assets\Comic Relief\OFL.txt","lesson2","4396","009B3056CEF5C9BCAFF872BFB0E27FA4A0F8CC6F6984CC490CAF5618748D766B"
"16_扇形車庫_第2節正式教材圖檔_20260826\_ImageGen採用母版\01_個人解密單_ImageGen無字母版_採用.png","02_第2節\16_扇形車庫_第2節正式教材圖檔_20260826\_ImageGen採用母版\01_個人解密單_ImageGen無字母版_採用.png","lesson2","1949793","07F3A1D8859A0EFC340610E1F498AD5F52607D5735E1D7166E0E6AB0EA70CBD2"
"16_扇形車庫_第2節正式教材圖檔_20260826\_ImageGen採用母版\02_四色圖例卡_ImageGen無字母版_嘗試2_採用.png","02_第2節\16_扇形車庫_第2節正式教材圖檔_20260826\_ImageGen採用母版\02_四色圖例卡_ImageGen無字母版_嘗試2_採用.png","lesson2","2235083","749DB900B9BB195657C3C98A18BCD651E0AFDC848117D3259CD342A8CC9F2537"
"16_扇形車庫_第2節正式教材圖檔_20260826\_ImageGen採用母版\03_三格出口票_ImageGen無字母版_嘗試1_採用.png","02_第2節\16_扇形車庫_第2節正式教材圖檔_20260826\_ImageGen採用母版\03_三格出口票_ImageGen無字母版_嘗試1_採用.png","lesson2","2178689","4AD1B509E651B5BDCF33B244122A9580179971EB034C876C7FBC9B88DEBD8809"
"16_扇形車庫_第2節正式教材圖檔_20260826\_ImageGen採用母版\04_何時構件功能三格圖示板_ImageGen無字母版_嘗試1_採用.png","02_第2節\16_扇形車庫_第2節正式教材圖檔_20260826\_ImageGen採用母版\04_何時構件功能三格圖示板_ImageGen無字母版_嘗試1_採用.png","lesson2","2249771","DF9ACBA728C9E74BE539FB416398F5035583B98BCAF770F2CD48053849D4CFB4"
"16_扇形車庫_第2節正式教材圖檔_20260826\_ImageGen採用母版\05_8張中文資料句條_ImageGen無字母版_嘗試3_採用.png","02_第2節\16_扇形車庫_第2節正式教材圖檔_20260826\_ImageGen採用母版\05_8張中文資料句條_ImageGen無字母版_嘗試3_採用.png","lesson2","2168875","6B2904B080ED10DFCDC2627BFD9FA9232C682A2E796229AA438D6625E55B6A31"
"16_扇形車庫_第2節正式教材圖檔_20260826\_ImageGen採用母版\06_4張英文句型卡_ImageGen無字母版_嘗試2_採用.png","02_第2節\16_扇形車庫_第2節正式教材圖檔_20260826\_ImageGen採用母版\06_4張英文句型卡_ImageGen無字母版_嘗試2_採用.png","lesson2","1872340","1E19CFF51BE84834DBE1A84E8AF93C073FEEBE888F7AF5ABCA6215720C3F513E"
"16_扇形車庫_第2節正式教材圖檔_20260826\_ImageGen採用母版\07_30秒導覽順序卡_ImageGen無字母版_嘗試1_採用.png","02_第2節\16_扇形車庫_第2節正式教材圖檔_20260826\_ImageGen採用母版\07_30秒導覽順序卡_ImageGen無字母版_嘗試1_採用.png","lesson2","2680351","355FE7D38B0B1AE1925F8497156E25EE2A58514602CA634B258838A8785506AA"
"16_扇形車庫_第2節正式教材圖檔_20260826\_QA證據\01_學生版_7頁彩色接觸表.png","02_第2節\16_扇形車庫_第2節正式教材圖檔_20260826\_QA證據\01_學生版_7頁彩色接觸表.png","lesson2","1952729","631A2F7287B76CB097305A16F4C3C0222797DCD6140924A040C8A31C59C5826F"
"16_扇形車庫_第2節正式教材圖檔_20260826\_QA證據\02_學生版_7頁灰階接觸表.png","02_第2節\16_扇形車庫_第2節正式教材圖檔_20260826\_QA證據\02_學生版_7頁灰階接觸表.png","lesson2","1193331","8DA2AD553D877888BBECF8CF6C16436ED8E06995109C18163542690459EFE9A4"
"16_扇形車庫_第2節正式教材圖檔_20260826\_QA證據\03_教師答案版_7頁彩色接觸表.png","02_第2節\16_扇形車庫_第2節正式教材圖檔_20260826\_QA證據\03_教師答案版_7頁彩色接觸表.png","lesson2","1965564","AE9E971406AB72EDEFDE08171F7E6E9797F0B133987CE6EE6411D0A5B55CEFCC"
"16_扇形車庫_第2節正式教材圖檔_20260826\_QA證據\04_教師答案版_7頁灰階接觸表.png","02_第2節\16_扇形車庫_第2節正式教材圖檔_20260826\_QA證據\04_教師答案版_7頁灰階接觸表.png","lesson2","1213416","6C1C616D270153C5F4735E18F8E9436086E1A3EEFAC25848F9D7DE7D5BED4983"
"16_扇形車庫_第2節正式教材圖檔_20260826\_QA證據\05_第2節ImageGen整批頁面_manifest.json","02_第2節\16_扇形車庫_第2節正式教材圖檔_20260826\_QA證據\05_第2節ImageGen整批頁面_manifest.json","lesson2","68227","4204C5017EEE582AFAE936EEE229048FFB07C75E3883D236A2753F01783F5568"
"16_扇形車庫_第2節正式教材圖檔_20260826\_QA證據\列印預覽\01_教師答案版_A4_portrait_預覽.png","02_第2節\16_扇形車庫_第2節正式教材圖檔_20260826\_QA證據\列印預覽\01_教師答案版_A4_portrait_預覽.png","lesson2","2090328","F473E09FF929301E55C37C6F32B8FC684EDEAD798D4594F8A76B0B0E727546ED"
"16_扇形車庫_第2節正式教材圖檔_20260826\_QA證據\列印預覽\01_學生版_A4_portrait_預覽.png","02_第2節\16_扇形車庫_第2節正式教材圖檔_20260826\_QA證據\列印預覽\01_學生版_A4_portrait_預覽.png","lesson2","2583207","1E6A51025CCCA4DE1EDAF8223336FBFBF28409EB5B2F445F2FE8F5E10284A5DA"
"16_扇形車庫_第2節正式教材圖檔_20260826\_QA證據\列印預覽\02_教師答案版_A5_portrait_預覽.png","02_第2節\16_扇形車庫_第2節正式教材圖檔_20260826\_QA證據\列印預覽\02_教師答案版_A5_portrait_預覽.png","lesson2","1556775","5835AFCFE4E33792CA5E209F85D7DE8C6E2D504FB52EE19AC0ED563D0A545687"
"16_扇形車庫_第2節正式教材圖檔_20260826\_QA證據\列印預覽\02_學生版_A5_portrait_預覽.png","02_第2節\16_扇形車庫_第2節正式教材圖檔_20260826\_QA證據\列印預覽\02_學生版_A5_portrait_預覽.png","lesson2","1559741","7F75CA94AD238A07CC9D69DF171148F1F4F2D5BDD28196E35F907625A9E1CF01"
"16_扇形車庫_第2節正式教材圖檔_20260826\_QA證據\列印預覽\03_教師答案版_A6_portrait_預覽.png","02_第2節\16_扇形車庫_第2節正式教材圖檔_20260826\_QA證據\列印預覽\03_教師答案版_A6_portrait_預覽.png","lesson2","1498667","857792F77F7D2B268A4A948482AC0E0080D3192D3838CAC6D849411D2E4B6254"
"16_扇形車庫_第2節正式教材圖檔_20260826\_QA證據\列印預覽\03_學生版_A6_portrait_預覽.png","02_第2節\16_扇形車庫_第2節正式教材圖檔_20260826\_QA證據\列印預覽\03_學生版_A6_portrait_預覽.png","lesson2","1498961","44897D1FE8CD5A7421521C4A32A56F44C2CDC2171B0D8AFE0922451FC725EE8B"
"16_扇形車庫_第2節正式教材圖檔_20260826\_QA證據\列印預覽\04_教師答案版_A4_landscape_預覽.png","02_第2節\16_扇形車庫_第2節正式教材圖檔_20260826\_QA證據\列印預覽\04_教師答案版_A4_landscape_預覽.png","lesson2","1801519","9D7EE295D8EA44C82DF4B90A76611F670F373882CBA9E031B480ACF6E2CBF4D1"
"16_扇形車庫_第2節正式教材圖檔_20260826\_QA證據\列印預覽\04_學生版_A4_landscape_預覽.png","02_第2節\16_扇形車庫_第2節正式教材圖檔_20260826\_QA證據\列印預覽\04_學生版_A4_landscape_預覽.png","lesson2","1790482","924913BAD84A9DD6D45393FE4AB48A776514EC3BE459116F558AC7ED99D71D0B"
"16_扇形車庫_第2節正式教材圖檔_20260826\_QA證據\列印預覽\05_教師答案版_A4_portrait_預覽.png","02_第2節\16_扇形車庫_第2節正式教材圖檔_20260826\_QA證據\列印預覽\05_教師答案版_A4_portrait_預覽.png","lesson2","1270652","2BA95F10B440F54B6C9DD6F8D5AAE2B2AEAA2491AB5BA58F3491E26A675E9692"
"16_扇形車庫_第2節正式教材圖檔_20260826\_QA證據\列印預覽\05_學生版_A4_portrait_預覽.png","02_第2節\16_扇形車庫_第2節正式教材圖檔_20260826\_QA證據\列印預覽\05_學生版_A4_portrait_預覽.png","lesson2","1271982","4F5D7255690047E6724025780FE993A29CDFBC0886B59B79B0937F4F1A866B44"
"16_扇形車庫_第2節正式教材圖檔_20260826\_QA證據\列印預覽\06_教師答案版_A5_portrait_預覽.png","02_第2節\16_扇形車庫_第2節正式教材圖檔_20260826\_QA證據\列印預覽\06_教師答案版_A5_portrait_預覽.png","lesson2","1331470","1F947B17D68F3841E295F5A2853D4804FC47DF826CA5C87BA9B421A3B71FA425"
"16_扇形車庫_第2節正式教材圖檔_20260826\_QA證據\列印預覽\06_學生版_A5_portrait_預覽.png","02_第2節\16_扇形車庫_第2節正式教材圖檔_20260826\_QA證據\列印預覽\06_學生版_A5_portrait_預覽.png","lesson2","1326449","47D44228A6D9FBDF257DB7C46DB16BFC5074A369EEB2CD7F341EF75FA0C3CCBD"
"16_扇形車庫_第2節正式教材圖檔_20260826\_QA證據\列印預覽\07_教師答案版_A5_portrait_預覽.png","02_第2節\16_扇形車庫_第2節正式教材圖檔_20260826\_QA證據\列印預覽\07_教師答案版_A5_portrait_預覽.png","lesson2","1683084","C452A4B4FC44AD542E04490FFC3CD82D73D7153309C49451F1227E270A0D60C2"
"16_扇形車庫_第2節正式教材圖檔_20260826\_QA證據\列印預覽\07_學生版_A5_portrait_預覽.png","02_第2節\16_扇形車庫_第2節正式教材圖檔_20260826\_QA證據\列印預覽\07_學生版_A5_portrait_預覽.png","lesson2","1678613","F0E449E7EE1E7922A223B179E60C32D8192BDE0DF948204E035258746589CA8A"
"16_扇形車庫_第2節正式教材圖檔_20260826\_QA證據\PDF回渲\01_學生PDF_7頁彩色回渲.png","02_第2節\16_扇形車庫_第2節正式教材圖檔_20260826\_QA證據\PDF回渲\01_學生PDF_7頁彩色回渲.png","lesson2","2208911","BC7A7B334FC4FEDDEE834438AF9306686248203BD5C10336109A7B56D025A38B"
"16_扇形車庫_第2節正式教材圖檔_20260826\_QA證據\PDF回渲\02_教師PDF_7頁彩色回渲.png","02_第2節\16_扇形車庫_第2節正式教材圖檔_20260826\_QA證據\PDF回渲\02_教師PDF_7頁彩色回渲.png","lesson2","2223347","5CE1684EC12D9A2623A653870BE36031CD39C5B30740A6A09D9B6F9856E3C775"
"16_扇形車庫_第2節正式教材圖檔_20260826\_QA證據\PDF回渲\03_學生PDF_7頁灰階回渲.png","02_第2節\16_扇形車庫_第2節正式教材圖檔_20260826\_QA證據\PDF回渲\03_學生PDF_7頁灰階回渲.png","lesson2","1382412","72BFADFB698C3036D742848C2C0D2FB366D6B0EDB3FFBE8AEE7287D7C19AE43B"
"16_扇形車庫_第2節正式教材圖檔_20260826\_QA證據\PDF回渲\04_教師PDF_7頁灰階回渲.png","02_第2節\16_扇形車庫_第2節正式教材圖檔_20260826\_QA證據\PDF回渲\04_教師PDF_7頁灰階回渲.png","lesson2","1405137","8ECCDCD9EFD2E5DE95B20E4F9723F7F785ADE5D388F7D1384F6E3A399DA4CBCF"
"16_扇形車庫_第2節正式教材圖檔_20260826\_QA證據\PDF回渲\render_student\student-1.png","02_第2節\16_扇形車庫_第2節正式教材圖檔_20260826\_QA證據\PDF回渲\render_student\student-1.png","lesson2","1615866","80178AB3FB89F3F800DFC90FF57D1852F0723059AC9C22746566C62FB9C5CEC7"
"16_扇形車庫_第2節正式教材圖檔_20260826\_QA證據\PDF回渲\render_student\student-2.png","02_第2節\16_扇形車庫_第2節正式教材圖檔_20260826\_QA證據\PDF回渲\render_student\student-2.png","lesson2","1004136","61F13841D5830531F7DB33F13E50353CD3B04F8A59B56D9336BE1DF131397626"
"16_扇形車庫_第2節正式教材圖檔_20260826\_QA證據\PDF回渲\render_student\student-3.png","02_第2節\16_扇形車庫_第2節正式教材圖檔_20260826\_QA證據\PDF回渲\render_student\student-3.png","lesson2","482875","44F590F3B0C09D13BE01272B605B736D1A51A393B1A1555DF298C563A0D3517D"
"16_扇形車庫_第2節正式教材圖檔_20260826\_QA證據\PDF回渲\render_student\student-4.png","02_第2節\16_扇形車庫_第2節正式教材圖檔_20260826\_QA證據\PDF回渲\render_student\student-4.png","lesson2","1869234","917B89F43A572B905379991E83F32DF3987BA3BA7CD58484DD98BB27E44D61C6"
"16_扇形車庫_第2節正式教材圖檔_20260826\_QA證據\PDF回渲\render_student\student-5.png","02_第2節\16_扇形車庫_第2節正式教材圖檔_20260826\_QA證據\PDF回渲\render_student\student-5.png","lesson2","1523063","0A254A5BE1979D61B6B215F4E8BA50BEC174C2CEBDB6FD16AE083F49DB28E402"
"16_扇形車庫_第2節正式教材圖檔_20260826\_QA證據\PDF回渲\render_student\student-6.png","02_第2節\16_扇形車庫_第2節正式教材圖檔_20260826\_QA證據\PDF回渲\render_student\student-6.png","lesson2","837160","92EFB69F9690C4BDB000F28BE339E02A90E733992666AF5D7106B3C37BC91408"
"16_扇形車庫_第2節正式教材圖檔_20260826\_QA證據\PDF回渲\render_student\student-7.png","02_第2節\16_扇形車庫_第2節正式教材圖檔_20260826\_QA證據\PDF回渲\render_student\student-7.png","lesson2","1084015","BA4634070422DB44470870EAA457CC3D118C637E46055CECD3C55A54B9DF1FE0"
"16_扇形車庫_第2節正式教材圖檔_20260826\_QA證據\PDF回渲\render_teacher\teacher-1.png","02_第2節\16_扇形車庫_第2節正式教材圖檔_20260826\_QA證據\PDF回渲\render_teacher\teacher-1.png","lesson2","1528376","4513F3D788FD1ED871FB3E3B480C724339A276CDE0998E4602FCA868DB367E5D"
"16_扇形車庫_第2節正式教材圖檔_20260826\_QA證據\PDF回渲\render_teacher\teacher-2.png","02_第2節\16_扇形車庫_第2節正式教材圖檔_20260826\_QA證據\PDF回渲\render_teacher\teacher-2.png","lesson2","1001719","794B7363D61187E4701BA1680F3555AAE61BC9212C198ED08CF8E51E0F82F145"
"16_扇形車庫_第2節正式教材圖檔_20260826\_QA證據\PDF回渲\render_teacher\teacher-3.png","02_第2節\16_扇形車庫_第2節正式教材圖檔_20260826\_QA證據\PDF回渲\render_teacher\teacher-3.png","lesson2","482887","7FF70B912096E2D88076ECCC5D7DF20DE3F73B21488B9E49170608913E9111A1"
"16_扇形車庫_第2節正式教材圖檔_20260826\_QA證據\PDF回渲\render_teacher\teacher-4.png","02_第2節\16_扇形車庫_第2節正式教材圖檔_20260826\_QA證據\PDF回渲\render_teacher\teacher-4.png","lesson2","1872090","25F4D064B5AD9FB71AE12C43EBE73D9A20C2931C5A20821EF7DDDF62CD88B429"
"16_扇形車庫_第2節正式教材圖檔_20260826\_QA證據\PDF回渲\render_teacher\teacher-5.png","02_第2節\16_扇形車庫_第2節正式教材圖檔_20260826\_QA證據\PDF回渲\render_teacher\teacher-5.png","lesson2","1515750","4A0CBB6E4FBF20C4C92AAADDF2B755F035EA789BC5E36BA8F2C847DFD5E3E144"
"16_扇形車庫_第2節正式教材圖檔_20260826\_QA證據\PDF回渲\render_teacher\teacher-6.png","02_第2節\16_扇形車庫_第2節正式教材圖檔_20260826\_QA證據\PDF回渲\render_teacher\teacher-6.png","lesson2","839481","60415A826E7B11B7B749A7FA65BD99A0FCE7B76DE7C51131263AD1E82104F2C1"
"16_扇形車庫_第2節正式教材圖檔_20260826\_QA證據\PDF回渲\render_teacher\teacher-7.png","02_第2節\16_扇形車庫_第2節正式教材圖檔_20260826\_QA證據\PDF回渲\render_teacher\teacher-7.png","lesson2","1085538","1880170E42D52BA745870A164586BFE70D16B124042096D40B5233A9FAC6741D"
"16_扇形車庫_第2節正式教材圖檔_20260826\00_教材清冊與列印說明.md","02_第2節\16_扇形車庫_第2節正式教材圖檔_20260826\00_教材清冊與列印說明.md","lesson2","916","1369AA2CD26CE9893BA15435C6129049CCAEC722701DABB67A7C8EF405970AE5"
"16_扇形車庫_第2節正式教材圖檔_20260826\01_教師答案版_A4直式_個人解密單.png","02_第2節\16_扇形車庫_第2節正式教材圖檔_20260826\01_教師答案版_A4直式_個人解密單.png","lesson2","5631223","38C65F9A745788B9A778342EA480A00A52CCA2CE184ECF5E677812A2E40B3BDB"
"16_扇形車庫_第2節正式教材圖檔_20260826\01_學生版_A4直式_個人解密單.png","02_第2節\16_扇形車庫_第2節正式教材圖檔_20260826\01_學生版_A4直式_個人解密單.png","lesson2","5938301","A9A69951D582F0ED0E63BFD60003173E5EC2B9AD4253B75B12A59E536C5CE5E4"
"16_扇形車庫_第2節正式教材圖檔_20260826\02_教師答案版_A5直式_四色圖例卡.png","02_第2節\16_扇形車庫_第2節正式教材圖檔_20260826\02_教師答案版_A5直式_四色圖例卡.png","lesson2","4699066","D7A7285632EA5F77F23CF2F87FAEB8D019140090B6EC7C7C6DB70C253D0741E9"
"16_扇形車庫_第2節正式教材圖檔_20260826\02_學生版_A5直式_四色圖例卡.png","02_第2節\16_扇形車庫_第2節正式教材圖檔_20260826\02_學生版_A5直式_四色圖例卡.png","lesson2","4723612","FDC1201DE01367D51007CDDBA368992321495C22582F568BCAB898FB2A27F793"
"16_扇形車庫_第2節正式教材圖檔_20260826\03_教師答案版_A6直式_三格出口票.png","02_第2節\16_扇形車庫_第2節正式教材圖檔_20260826\03_教師答案版_A6直式_三格出口票.png","lesson2","2739689","80A083A05D8E10A6C6000583AEB72A7ED5C27E782CB166F83C378CD4A72FB2A0"
"16_扇形車庫_第2節正式教材圖檔_20260826\03_學生版_A6直式_三格出口票.png","02_第2節\16_扇形車庫_第2節正式教材圖檔_20260826\03_學生版_A6直式_三格出口票.png","lesson2","2765050","C5C37CABCB78DF8F92FD3212E71ABA4EEB4FF51791493D1D2DD3F56787B79596"
"16_扇形車庫_第2節正式教材圖檔_20260826\04_教師答案版_A4橫式_何時構件功能三格圖示板.png","02_第2節\16_扇形車庫_第2節正式教材圖檔_20260826\04_教師答案版_A4橫式_何時構件功能三格圖示板.png","lesson2","7625969","7DA8DD8A6E4266B08ACFE052BF3FD161439587E07C88424923BB02314784EE8D"
"16_扇形車庫_第2節正式教材圖檔_20260826\04_學生版_A4橫式_何時構件功能三格圖示板.png","02_第2節\16_扇形車庫_第2節正式教材圖檔_20260826\04_學生版_A4橫式_何時構件功能三格圖示板.png","lesson2","7669418","5026AC84B44B34B6E71907BC3D5F63753B10785D1F9E441D1CD1C7E22ED75E3A"
"16_扇形車庫_第2節正式教材圖檔_20260826\05_教師答案版_A4直式_8張中文資料句條.png","02_第2節\16_扇形車庫_第2節正式教材圖檔_20260826\05_教師答案版_A4直式_8張中文資料句條.png","lesson2","5840586","7D49E67ED53BBE3A5909C19C0D816931D43CD21F481EEEAE991363318F4BDF94"
"16_扇形車庫_第2節正式教材圖檔_20260826\05_學生版_A4直式_8張中文資料句條.png","02_第2節\16_扇形車庫_第2節正式教材圖檔_20260826\05_學生版_A4直式_8張中文資料句條.png","lesson2","5876083","3879AE365158F57E4A3AFCE7AFB64132C9013198DF8802B68896EE40FC037699"
"16_扇形車庫_第2節正式教材圖檔_20260826\06_教師答案版_A5直式_4張英文句型卡.png","02_第2節\16_扇形車庫_第2節正式教材圖檔_20260826\06_教師答案版_A5直式_4張英文句型卡.png","lesson2","3721022","9B1C8F95708657E34F600055C0717D16FC1C64950EB65DB9A8E1D26AB3FDA2AE"
"16_扇形車庫_第2節正式教材圖檔_20260826\06_學生版_A5直式_4張英文句型卡.png","02_第2節\16_扇形車庫_第2節正式教材圖檔_20260826\06_學生版_A5直式_4張英文句型卡.png","lesson2","3725883","BE0D54C9AF28EC79FA500B32099A8C994C68E21386DBB15E50A72B916B032094"
"16_扇形車庫_第2節正式教材圖檔_20260826\07_教師答案版_A5直式_30秒導覽順序卡.png","02_第2節\16_扇形車庫_第2節正式教材圖檔_20260826\07_教師答案版_A5直式_30秒導覽順序卡.png","lesson2","5534012","A27052AC014DECE9C47C6C0578D40221649F39BDBE8B4E51D3978D7DE44F651E"
"16_扇形車庫_第2節正式教材圖檔_20260826\07_學生版_A5直式_30秒導覽順序卡.png","02_第2節\16_扇形車庫_第2節正式教材圖檔_20260826\07_學生版_A5直式_30秒導覽順序卡.png","lesson2","5555706","016B5FCD122CF2CD7521F1E692AC838EDB2405C054396678037645A53B042762"
"16_扇形車庫_第2節正式教材圖檔_20260826\manifest.json","02_第2節\16_扇形車庫_第2節正式教材圖檔_20260826\manifest.json","lesson2","20045","2E9D1ACF94EDDC5856236132FAA1E0BD703E8751BEFD31A992649CE10EDA0593"
"17_扇形車庫_第2節正式教材_教師確認與製作QA紀錄_20260826.md","02_第2節\17_扇形車庫_第2節正式教材_教師確認與製作QA紀錄_20260826.md","lesson2","4073","855E0FD2C2CDE69C6D47994D72FBEA5A49D0D0346BABE60A35B985AE000B6295"
"18_扇形車庫_第2節ImageGen個人解密單樣稿_20260826\_qa\01_學生教師版_彩色對照表.png","02_第2節\18_扇形車庫_第2節ImageGen個人解密單樣稿_20260826\_qa\01_學生教師版_彩色對照表.png","lesson2","2387701","F7EDA79CA013037BC52FB1B20527905DB4FBE17F04441AA4C118DCAEBD81B501"
"18_扇形車庫_第2節ImageGen個人解密單樣稿_20260826\_qa\02_學生教師版_灰階對照表.png","02_第2節\18_扇形車庫_第2節ImageGen個人解密單樣稿_20260826\_qa\02_學生教師版_灰階對照表.png","lesson2","1391549","C70F88DF8950DF1D4C13ED410A68EB588F2ED85CCA3DB7392CC460DC1E739B18"
"18_扇形車庫_第2節ImageGen個人解密單樣稿_20260826\_qa\03_兩頁樣稿_manifest.json","02_第2節\18_扇形車庫_第2節ImageGen個人解密單樣稿_20260826\_qa\03_兩頁樣稿_manifest.json","lesson2","19969","F44F6E040074F17EEC4FBED59683DFED3F8A029507D1BA0C0D1BFDE492FA5EF9"
"18_扇形車庫_第2節ImageGen個人解密單樣稿_20260826\_qa\04_學生版_修改前後彩色對照.png","02_第2節\18_扇形車庫_第2節ImageGen個人解密單樣稿_20260826\_qa\04_學生版_修改前後彩色對照.png","lesson2","2907399","E126532B677F83DD07D43637D0DAB839FADDE4CCF84105C4B9CCBE93C9A67967"
"18_扇形車庫_第2節ImageGen個人解密單樣稿_20260826\_qa\05_學生版_修改前後灰階對照.png","02_第2節\18_扇形車庫_第2節ImageGen個人解密單樣稿_20260826\_qa\05_學生版_修改前後灰階對照.png","lesson2","1727631","251AA24999C7CCF9CAB41EDD4E8B64A22A0F6AE249082A087B38D4A13FCB9F29"
"18_扇形車庫_第2節ImageGen個人解密單樣稿_20260826\_qa\06_學生版大字活潑版_manifest.json","02_第2節\18_扇形車庫_第2節ImageGen個人解密單樣稿_20260826\_qa\06_學生版大字活潑版_manifest.json","lesson2","17962","EB77751E6C20B0CAC42E223A6FDEF659EE575BCF4FFE1F90E4A9365EB618AC8D"
"18_扇形車庫_第2節ImageGen個人解密單樣稿_20260826\_qa\07_學生版_版面修正前後彩色對照.png","02_第2節\18_扇形車庫_第2節ImageGen個人解密單樣稿_20260826\_qa\07_學生版_版面修正前後彩色對照.png","lesson2","3419790","3AF65B034D5939DAC1B81299F4B18A7D79E82B7386F1F0520C7134EF56934DAF"
"18_扇形車庫_第2節ImageGen個人解密單樣稿_20260826\_qa\08_學生版_版面修正前後灰階對照.png","02_第2節\18_扇形車庫_第2節ImageGen個人解密單樣稿_20260826\_qa\08_學生版_版面修正前後灰階對照.png","lesson2","1958466","D0766DD687C7BCD1669FE29657629251AC240BD150605F7163264A27E7091352"
"18_扇形車庫_第2節ImageGen個人解密單樣稿_20260826\_qa\09_學生版版面修正_manifest.json","02_第2節\18_扇形車庫_第2節ImageGen個人解密單樣稿_20260826\_qa\09_學生版版面修正_manifest.json","lesson2","24825","69CE9E32D29980742F7D6ADCFD0823F1514254A7422F025F9B5C0B3E749BCD9C"
"18_扇形車庫_第2節ImageGen個人解密單樣稿_20260826\_qa\10_學生版_A4列印預覽.png","02_第2節\18_扇形車庫_第2節ImageGen個人解密單樣稿_20260826\_qa\10_學生版_A4列印預覽.png","lesson2","2551894","813125C09DACDFED831F485E9AFE40E059A7F4A5DCCF7C0B0B1E4DB96EEDA645"
"18_扇形車庫_第2節ImageGen個人解密單樣稿_20260826\_qa\11_學生版_跨大題修正前後彩色對照.png","02_第2節\18_扇形車庫_第2節ImageGen個人解密單樣稿_20260826\_qa\11_學生版_跨大題修正前後彩色對照.png","lesson2","1868460","41E468BB1EC7B03C9C4F8E1E940A2394F59FF58628A5D9036C9116F5B8CC9315"
"18_扇形車庫_第2節ImageGen個人解密單樣稿_20260826\_qa\12_學生版_跨大題修正前後灰階對照.png","02_第2節\18_扇形車庫_第2節ImageGen個人解密單樣稿_20260826\_qa\12_學生版_跨大題修正前後灰階對照.png","lesson2","1138574","99536683911FE635C62CAE675FBC6B5AAFB414BAF0C882FF19FE50FAFB543DB8"
"18_扇形車庫_第2節ImageGen個人解密單樣稿_20260826\_qa\13_學生版_第3至4大題局部放大對照.png","02_第2節\18_扇形車庫_第2節ImageGen個人解密單樣稿_20260826\_qa\13_學生版_第3至4大題局部放大對照.png","lesson2","1344691","8346E5E4C59BAC307F74778C6F17F4578AB86FE7B61D4C5624224FEE75E211D8"
"18_扇形車庫_第2節ImageGen個人解密單樣稿_20260826\_qa\14_學生版_A4跨大題修正列印預覽.png","02_第2節\18_扇形車庫_第2節ImageGen個人解密單樣稿_20260826\_qa\14_學生版_A4跨大題修正列印預覽.png","lesson2","2583207","1E6A51025CCCA4DE1EDAF8223336FBFBF28409EB5B2F445F2FE8F5E10284A5DA"
"18_扇形車庫_第2節ImageGen個人解密單樣稿_20260826\_qa\15_學生版跨大題防重疊_manifest.json","02_第2節\18_扇形車庫_第2節ImageGen個人解密單樣稿_20260826\_qa\15_學生版跨大題防重疊_manifest.json","lesson2","30839","327B3CF61E47728AAA5B59D21D4B9FB1BA91DA729A7FAFDE23DC16B53B25F744"
"18_扇形車庫_第2節ImageGen個人解密單樣稿_20260826\_qa\16_教師母版_ImageGen兩次未採用_彩色對照.png","02_第2節\18_扇形車庫_第2節ImageGen個人解密單樣稿_20260826\_qa\16_教師母版_ImageGen兩次未採用_彩色對照.png","lesson2","3283292","D80330ACF665E2AB03FFC90BAFDDF4E73267CE1029572C4D3242456807579A1C"
"18_扇形車庫_第2節ImageGen個人解密單樣稿_20260826\_qa\17_教師母版_ImageGen兩次未採用_碰撞局部放大.png","02_第2節\18_扇形車庫_第2節ImageGen個人解密單樣稿_20260826\_qa\17_教師母版_ImageGen兩次未採用_碰撞局部放大.png","lesson2","418031","B7E93D7607460B0ABD01E85A0904647C8C64B93CBD7B73A8D91884C374EE272E"
"18_扇形車庫_第2節ImageGen個人解密單樣稿_20260826\_qa\18_教師母版_ImageGen兩次停止_manifest.json","02_第2節\18_扇形車庫_第2節ImageGen個人解密單樣稿_20260826\_qa\18_教師母版_ImageGen兩次停止_manifest.json","lesson2","10645","11BC15F668DD87D256024E840EEDC74864159118EB2B6B2095CB0960F455648C"
"18_扇形車庫_第2節ImageGen個人解密單樣稿_20260826\_qa\19_正式學生教師版_彩色對照.png","02_第2節\18_扇形車庫_第2節ImageGen個人解密單樣稿_20260826\_qa\19_正式學生教師版_彩色對照.png","lesson2","1592410","2D16091836FA6CCA7F41062C4D4F9EC167FBE6282435E67E6D86D9E3A92611B0"
"18_扇形車庫_第2節ImageGen個人解密單樣稿_20260826\_qa\20_正式學生教師版_灰階對照.png","02_第2節\18_扇形車庫_第2節ImageGen個人解密單樣稿_20260826\_qa\20_正式學生教師版_灰階對照.png","lesson2","990000","725A25AD689A6A96A10E185237DFAD5A85428726C265B93BB013B99C3554DB42"
"18_扇形車庫_第2節ImageGen個人解密單樣稿_20260826\_qa\21_教師答案版_配對與四色局部QA.png","02_第2節\18_扇形車庫_第2節ImageGen個人解密單樣稿_20260826\_qa\21_教師答案版_配對與四色局部QA.png","lesson2","1920415","0A913FDFCE2C9903195A58F51AE82CAF8FE019F8C5C240737E6AB3C8A7003BAA"
"18_扇形車庫_第2節ImageGen個人解密單樣稿_20260826\_qa\22_教師答案版_A4列印預覽.png","02_第2節\18_扇形車庫_第2節ImageGen個人解密單樣稿_20260826\_qa\22_教師答案版_A4列印預覽.png","lesson2","2090328","F473E09FF929301E55C37C6F32B8FC684EDEAD798D4594F8A76B0B0E727546ED"
"18_扇形車庫_第2節ImageGen個人解密單樣稿_20260826\_qa\23_教師答案版_正式數位教材_manifest.json","02_第2節\18_扇形車庫_第2節ImageGen個人解密單樣稿_20260826\_qa\23_教師答案版_正式數位教材_manifest.json","lesson2","5345","CFF5D8B20B3377870C74B6A402A0F89A0D90997A9E873958140D4A87460DCE39"
"18_扇形車庫_第2節ImageGen個人解密單樣稿_20260826\00_樣稿說明與生成QA紀錄.md","02_第2節\18_扇形車庫_第2節ImageGen個人解密單樣稿_20260826\00_樣稿說明與生成QA紀錄.md","lesson2","20825","9244ACDB2F399EBBCAEF9523E9FAE173696CE51F423E6C24CB106B95052D1CBB"
"18_扇形車庫_第2節ImageGen個人解密單樣稿_20260826\01_學生版_ImageGen無字母版_嘗試1_未通過.png","02_第2節\18_扇形車庫_第2節ImageGen個人解密單樣稿_20260826\01_學生版_ImageGen無字母版_嘗試1_未通過.png","lesson2","1068017","E127B8BDFAB89281E7D462ADE015479A85CF2995AD84324EB341E237906BBE98"
"18_扇形車庫_第2節ImageGen個人解密單樣稿_20260826\02_學生版_ImageGen無字母版_嘗試2_採用.png","02_第2節\18_扇形車庫_第2節ImageGen個人解密單樣稿_20260826\02_學生版_ImageGen無字母版_嘗試2_採用.png","lesson2","1050359","5233C32E9A76FA35C6609E734A1CE721DF96F16E1552968D005F9FF1011BE6A2"
"18_扇形車庫_第2節ImageGen個人解密單樣稿_20260826\03_教師答案版_ImageGen無字母版_嘗試1_採用.png","02_第2節\18_扇形車庫_第2節ImageGen個人解密單樣稿_20260826\03_教師答案版_ImageGen無字母版_嘗試1_採用.png","lesson2","1360629","74DE53C573B475C3B0E9ABDBD4328477FFC35D847C03C20A3BA953A6F576B117"
"18_扇形車庫_第2節ImageGen個人解密單樣稿_20260826\04_學生版_正式文字覆排樣稿_版面修正前備份_20260826.png","02_第2節\18_扇形車庫_第2節ImageGen個人解密單樣稿_20260826\04_學生版_正式文字覆排樣稿_版面修正前備份_20260826.png","lesson2","6404453","239B617C01BB8736B58090BA420AD0BCA1C2730BF6621216BAA75B97C12D3103"
"18_扇形車庫_第2節ImageGen個人解密單樣稿_20260826\04_學生版_正式文字覆排樣稿_修改前備份_20260826.png","02_第2節\18_扇形車庫_第2節ImageGen個人解密單樣稿_20260826\04_學生版_正式文字覆排樣稿_修改前備份_20260826.png","lesson2","2811795","0D1BCB5E682BFBEA4B69EDD5C2DC014FEBF3BF19DCE3C94CC5393520A717C23D"
"18_扇形車庫_第2節ImageGen個人解密單樣稿_20260826\04_學生版_正式文字覆排樣稿_跨大題修正前備份_20260826.png","02_第2節\18_扇形車庫_第2節ImageGen個人解密單樣稿_20260826\04_學生版_正式文字覆排樣稿_跨大題修正前備份_20260826.png","lesson2","5854921","4D2FD13162F9233AE29500A649D253FF06E3F865B2E0EFE8E4D384C0F03B7AC0"
"18_扇形車庫_第2節ImageGen個人解密單樣稿_20260826\04_學生版_正式文字覆排樣稿.png","02_第2節\18_扇形車庫_第2節ImageGen個人解密單樣稿_20260826\04_學生版_正式文字覆排樣稿.png","lesson2","5938301","A9A69951D582F0ED0E63BFD60003173E5EC2B9AD4253B75B12A59E536C5CE5E4"
"18_扇形車庫_第2節ImageGen個人解密單樣稿_20260826\05_教師答案版_正式文字覆排樣稿.png","02_第2節\18_扇形車庫_第2節ImageGen個人解密單樣稿_20260826\05_教師答案版_正式文字覆排樣稿.png","lesson2","3821689","15A2B676875983FF227543BA25198D4F7BC6931419E9DF45B6EB720D6727C21B"
"18_扇形車庫_第2節ImageGen個人解密單樣稿_20260826\06_學生版_ImageGen活潑版無字母版_嘗試1_採用.png","02_第2節\18_扇形車庫_第2節ImageGen個人解密單樣稿_20260826\06_學生版_ImageGen活潑版無字母版_嘗試1_採用.png","lesson2","2061506","B7E999E628B56F2E1D81A9D6DBA13133BAE49F01F699AC1B43F5D6969830953A"
"18_扇形車庫_第2節ImageGen個人解密單樣稿_20260826\07_學生版_正式文字覆排活潑大字候選.png","02_第2節\18_扇形車庫_第2節ImageGen個人解密單樣稿_20260826\07_學生版_正式文字覆排活潑大字候選.png","lesson2","6404453","239B617C01BB8736B58090BA420AD0BCA1C2730BF6621216BAA75B97C12D3103"
"18_扇形車庫_第2節ImageGen個人解密單樣稿_20260826\08_學生版_ImageGen活潑版無字母版_嘗試2_採用.png","02_第2節\18_扇形車庫_第2節ImageGen個人解密單樣稿_20260826\08_學生版_ImageGen活潑版無字母版_嘗試2_採用.png","lesson2","1949793","07F3A1D8859A0EFC340610E1F498AD5F52607D5735E1D7166E0E6AB0EA70CBD2"
"18_扇形車庫_第2節ImageGen個人解密單樣稿_20260826\09_學生版_正式文字覆排_版面修正候選.png","02_第2節\18_扇形車庫_第2節ImageGen個人解密單樣稿_20260826\09_學生版_正式文字覆排_版面修正候選.png","lesson2","5854921","4D2FD13162F9233AE29500A649D253FF06E3F865B2E0EFE8E4D384C0F03B7AC0"
"18_扇形車庫_第2節ImageGen個人解密單樣稿_20260826\10_學生版_正式文字覆排_跨大題防重疊候選.png","02_第2節\18_扇形車庫_第2節ImageGen個人解密單樣稿_20260826\10_學生版_正式文字覆排_跨大題防重疊候選.png","lesson2","5938301","A9A69951D582F0ED0E63BFD60003173E5EC2B9AD4253B75B12A59E536C5CE5E4"
"18_扇形車庫_第2節ImageGen個人解密單樣稿_20260826\11_學生版_A4直式_個人解密單_正式版_20260826.png","02_第2節\18_扇形車庫_第2節ImageGen個人解密單樣稿_20260826\11_學生版_A4直式_個人解密單_正式版_20260826.png","lesson2","5938301","A9A69951D582F0ED0E63BFD60003173E5EC2B9AD4253B75B12A59E536C5CE5E4"
"18_扇形車庫_第2節ImageGen個人解密單樣稿_20260826\12_教師答案版_ImageGen活潑版無字母版_嘗試1_未採用_主標題碰撞.png","02_第2節\18_扇形車庫_第2節ImageGen個人解密單樣稿_20260826\12_教師答案版_ImageGen活潑版無字母版_嘗試1_未採用_主標題碰撞.png","lesson2","1907451","CC2BB34EA4CD8EC69D26D811BB75378C6DD054A73ACC4BD3FCAB3D0AE5F2504D"
"18_扇形車庫_第2節ImageGen個人解密單樣稿_20260826\13_教師答案版_ImageGen活潑版無字母版_嘗試2_未採用_圖例遮擋.png","02_第2節\18_扇形車庫_第2節ImageGen個人解密單樣稿_20260826\13_教師答案版_ImageGen活潑版無字母版_嘗試2_未採用_圖例遮擋.png","lesson2","1857029","958A38ABA001D7A62E32CE5AD5FA5556571769E85308AF5A839FE0581E6A7801"
"18_扇形車庫_第2節ImageGen個人解密單樣稿_20260826\14_教師答案版_A4直式_個人解密單_正式版_20260826.png","02_第2節\18_扇形車庫_第2節ImageGen個人解密單樣稿_20260826\14_教師答案版_A4直式_個人解密單_正式版_20260826.png","lesson2","5631223","38C65F9A745788B9A778342EA480A00A52CCA2CE184ECF5E677812A2E40B3BDB"
"18_扇形車庫_第2節ImageGen個人解密單樣稿_20260826\14A_教師答案版_A4直式_個人解密單_嘗試1_未採用_答案遮罩QA.png","02_第2節\18_扇形車庫_第2節ImageGen個人解密單樣稿_20260826\14A_教師答案版_A4直式_個人解密單_嘗試1_未採用_答案遮罩QA.png","lesson2","5631223","38C65F9A745788B9A778342EA480A00A52CCA2CE184ECF5E677812A2E40B3BDB"
"18_扇形車庫_第2節ImageGen個人解密單樣稿_20260826\14B_教師答案版_A4直式_個人解密單_正式候選_20260826.png","02_第2節\18_扇形車庫_第2節ImageGen個人解密單樣稿_20260826\14B_教師答案版_A4直式_個人解密單_正式候選_20260826.png","lesson2","5631223","38C65F9A745788B9A778342EA480A00A52CCA2CE184ECF5E677812A2E40B3BDB"
